"Description","Quantity","InvoiceTime","CustomerID","VIEW"
"OTHER_ITEMS",25,11,12621,1
"OTHER_ITEMS",24,11,14016,1
"OTHER_ITEMS",24,12,15522,1
"OTHER_ITEMS",1,14,17812,1
"OTHER_ITEMS",12,15,17758,1
"OTHER_ITEMS",1,11,12748,1
"OTHER_ITEMS",2,16,11111,1
"OTHER_ITEMS",3,13,14449,1
"DECORATION",1,16,11111,1
"OTHER_ITEMS",12,11,17095,1
"OTHER_ITEMS",48,14,17470,1
"OTHER_ITEMS",12,14,13196,1
"OTHER_ITEMS",12,13,15831,1
"OTHER_ITEMS",3,12,16393,1
"OTHER_ITEMS",2,12,16360,1
"OTHER_ITEMS",48,9,17865,1
"OTHER_ITEMS",24,10,13755,1
"OTHER_ITEMS",12,13,17644,1
"OTHER_ITEMS",24,11,16729,1
"OTHER_ITEMS",1,15,17999,1
"OTHER_ITEMS",10,15,14349,1
"OTHER_ITEMS",24,8,16643,1
"OTHER_ITEMS",1,14,14506,1
"OTHER_ITEMS",25,15,13168,1
"OTHER_ITEMS",25,15,13141,1
"OTHER_ITEMS",576,14,17404,1
"OTHER_ITEMS",1,12,17596,1
"OTHER_ITEMS",3,17,11111,1
"OTHER_ITEMS",12,9,12451,1
"OTHER_ITEMS",96,14,16843,1
"OTHER_ITEMS",24,13,14334,1
"GAMES",20,14,17311,1
"OTHER_ITEMS",24,13,14282,1
"OTHER_ITEMS",24,7,14911,1
"BAG",4,12,15034,1
"OTHER_ITEMS",144,14,17596,1
"OTHER_ITEMS",10,12,15555,1
"OTHER_ITEMS",12,12,13800,1
"OTHER_ITEMS",2,11,17832,1
"OTHER_ITEMS",20,16,16040,1
"TRINKET BOX",6,14,16440,1
"OTHER_ITEMS",12,15,13994,1
"OTHER_ITEMS",7,15,11111,1
"OTHER_ITEMS",12,13,13756,1
"OTHER_ITEMS",12,16,14869,1
"OTHER_ITEMS",5,13,12577,1
"OTHER_ITEMS",36,11,17827,1
"OTHER_ITEMS",25,16,13451,1
"OTHER_ITEMS",24,13,14139,1
"OTHER_ITEMS",12,13,14234,1
"OTHER_ITEMS",12,11,12877,1
"OTHER_ITEMS",25,9,12471,1
"OTHER_ITEMS",12,13,15704,1
"OTHER_ITEMS",24,11,13209,1
"OTHER_ITEMS",2,13,14587,1
"OTHER_ITEMS",12,16,15601,1
"OTHER_ITEMS",24,13,18016,1
"OTHER_ITEMS",5,14,16340,1
"OTHER_ITEMS",24,13,12626,1
"OTHER_ITEMS",2,12,14159,1
"OTHER_ITEMS",12,10,12620,1
"OTHER_ITEMS",1,16,17757,1
"OTHER_ITEMS",1,10,16931,1
"OTHER_ITEMS",12,10,14911,1
"OTHER_ITEMS",6,12,14178,1
"OTHER_ITEMS",6,13,15356,1
"OTHER_ITEMS",12,14,15640,1
"OTHER_ITEMS",6,12,16931,1
"OTHER_ITEMS",48,14,15831,1
"OTHER_ITEMS",5,11,17387,1
"OTHER_ITEMS",16,15,17651,1
"OTHER_ITEMS",2,16,14382,1
"OTHER_ITEMS",48,12,16701,1
"OTHER_ITEMS",25,14,15069,1
"OTHER_ITEMS",12,15,17377,1
"OTHER_ITEMS",1,11,15877,1
"OTHER_ITEMS",48,12,17147,1
"OTHER_ITEMS",5,14,18013,1
"TRINKET BOX",22,14,13271,1
"DECORATION",48,12,12913,1
"OTHER_ITEMS",36,13,14407,1
"OTHER_ITEMS",12,10,15853,1
"METAL SIGNS",13,14,15856,1
"OTHER_ITEMS",12,10,14911,1
"OTHER_ITEMS",25,17,17839,1
"OTHER_ITEMS",25,10,16142,1
"OTHER_ITEMS",108,14,13805,1
"OTHER_ITEMS",25,12,14606,1
"OTHER_ITEMS",25,11,13209,1
"OTHER_ITEMS",12,14,15104,1
"OTHER_ITEMS",5,15,11111,1
"OTHER_ITEMS",25,12,12501,1
"OTHER_ITEMS",1,13,13558,1
"OTHER_ITEMS",1,11,15919,1
"GAMES",6,16,16348,1
"DECORATION",6,13,14174,1
"CAKE CASE",240,15,14911,1
"OTHER_ITEMS",36,11,14862,1
"OTHER_ITEMS",25,15,13867,1
"OTHER_ITEMS",12,9,15858,1
"OTHER_ITEMS",25,8,14936,1
"OTHER_ITEMS",96,13,16394,1
"OTHER_ITEMS",1,13,17841,1
"OTHER_ITEMS",1,12,17841,1
"OTHER_ITEMS",12,13,13354,1
"OTHER_ITEMS",5,11,18036,1
"OTHER_ITEMS",1,15,13421,1
"OTHER_ITEMS",4,17,14156,1
"OTHER_ITEMS",1,16,15436,1
"OTHER_ITEMS",48,10,15603,1
"CAKE STAND",2,12,14071,1
"OTHER_ITEMS",1,16,15436,1
"DECORATION",24,14,14643,1
"OTHER_ITEMS",17,16,11111,1
"OTHER_ITEMS",2,11,14701,1
"DECORATION",48,12,15301,1
"OTHER_ITEMS",24,12,12841,1
"OTHER_ITEMS",50,15,13600,1
"DECORATION",12,13,14796,1
"OTHER_ITEMS",24,12,16729,1
"GAMES",2,10,15443,1
"OTHER_ITEMS",16,10,15752,1
"OTHER_ITEMS",4,17,11111,1
"OTHER_ITEMS",2,12,12637,1
"OTHER_ITEMS",1,10,11111,1
"DECORATION",48,12,16076,1
"OTHER_ITEMS",1,13,17585,1
"OTHER_ITEMS",12,10,15529,1
"OTHER_ITEMS",25,17,14105,1
"OTHER_ITEMS",25,14,17475,1
"OTHER_ITEMS",48,14,14032,1
"OTHER_ITEMS",12,13,13700,1
"OTHER_ITEMS",1,17,17189,1
"OTHER_ITEMS",8,12,15579,1
"OTHER_ITEMS",4,12,18096,1
"OTHER_ITEMS",24,15,15114,1
"OTHER_ITEMS",2,13,14711,1
"OTHER_ITEMS",24,13,13527,1
"BAG",24,12,15750,1
"OTHER_ITEMS",25,14,12991,1
"OTHER_ITEMS",25,11,14175,1
"OTHER_ITEMS",2,14,16348,1
"OTHER_ITEMS",4,14,13184,1
"OTHER_ITEMS",1,12,15021,1
"OTHER_ITEMS",6,13,16686,1
"OTHER_ITEMS",24,15,14534,1
"OTHER_ITEMS",12,16,17231,1
"OTHER_ITEMS",20,13,16415,1
"OTHER_ITEMS",25,12,11111,1
"OTHER_ITEMS",6,11,15529,1
"OTHER_ITEMS",11,14,16049,1
"OTHER_ITEMS",24,12,15144,1
"OTHER_ITEMS",480,19,13694,1
"OTHER_ITEMS",12,17,17870,1
"OTHER_ITEMS",12,11,17841,1
"OTHER_ITEMS",25,8,15651,1
"OTHER_ITEMS",6,13,12484,1
"OTHER_ITEMS",72,12,14646,1
"OTHER_ITEMS",10,16,13601,1
"OTHER_ITEMS",1,19,13230,1
"OTHER_ITEMS",12,10,17147,1
"OTHER_ITEMS",25,12,17238,1
"OTHER_ITEMS",6,13,14796,1
"OTHER_ITEMS",1,15,17999,1
"OTHER_ITEMS",4,12,14159,1
"OTHER_ITEMS",4,16,11111,1
"OTHER_ITEMS",12,9,11111,1
"OTHER_ITEMS",16,11,16919,1
"DECORATION",10,15,16813,1
"OTHER_ITEMS",24,12,13343,1
"OTHER_ITEMS",25,15,12748,1
"OTHER_ITEMS",12,16,18069,1
"DECORATION",36,8,14426,1
"OTHER_ITEMS",24,15,15241,1
"OTHER_ITEMS",12,16,15555,1
"OTHER_ITEMS",14,12,17238,1
"OTHER_ITEMS",3,13,16283,1
"OTHER_ITEMS",1,13,16549,1
"DECORATION",48,18,15194,1
"OTHER_ITEMS",25,11,12748,1
"OTHER_ITEMS",12,13,17644,1
"OTHER_ITEMS",3,15,13263,1
"TRINKET BOX",48,9,12462,1
"CAKE CASE",1200,9,13027,1
"OTHER_ITEMS",1,15,11111,1
"OTHER_ITEMS",2,15,15644,1
"OTHER_ITEMS",1,16,16049,1
"OTHER_ITEMS",12,15,17571,1
"OTHER_ITEMS",288,16,18179,1
"OTHER_ITEMS",6,11,15005,1
"OTHER_ITEMS",6,13,14159,1
"OTHER_ITEMS",50,17,16722,1
"OTHER_ITEMS",12,15,12377,1
"PHOTO FRAME",5,16,14093,1
"OTHER_ITEMS",48,14,14911,1
"JAM SET",12,11,14159,1
"OTHER_ITEMS",24,12,13102,1
"OTHER_ITEMS",1,15,16898,1
"BAG",12,15,16611,1
"OTHER_ITEMS",48,11,16841,1
"OTHER_ITEMS",12,12,13394,1
"OTHER_ITEMS",144,11,13798,1
"OTHER_ITEMS",1,16,17315,1
"OTHER_ITEMS",12,15,12867,1
"OTHER_ITEMS",25,9,17491,1
"OTHER_ITEMS",24,12,16042,1
"OTHER_ITEMS",25,15,14895,1
"OTHER_ITEMS",24,13,15078,1
"OTHER_ITEMS",1,13,16678,1
"OTHER_ITEMS",20,13,14704,1
"OTHER_ITEMS",25,9,15358,1
"OTHER_ITEMS",75,9,15057,1
"OTHER_ITEMS",3,12,14178,1
"BAG",10,13,18122,1
"OTHER_ITEMS",5,16,11111,1
"OTHER_ITEMS",24,13,12540,1
"OTHER_ITEMS",48,15,13167,1
"DECORATION",48,13,17086,1
"OTHER_ITEMS",1,14,12970,1
"CAKE CASE",120,14,14156,1
"OTHER_ITEMS",12,10,13117,1
"CANDLES",32,13,13268,1
"OTHER_ITEMS",48,14,16841,1
"OTHER_ITEMS",4,14,15984,1
"OTHER_ITEMS",4,13,17288,1
"OTHER_ITEMS",48,9,17416,1
"OTHER_ITEMS",48,9,16109,1
"BAG",3,14,11111,1
"OTHER_ITEMS",12,13,16678,1
"OTHER_ITEMS",24,14,18123,1
"OTHER_ITEMS",12,11,15544,1
"OTHER_ITEMS",25,10,17428,1
"OTHER_ITEMS",8,12,17920,1
"CANDLES",108,15,12748,1
"OTHER_ITEMS",1,10,13291,1
"GAMES",2,12,16241,1
"OTHER_ITEMS",25,11,17190,1
"GAMES",8,12,11111,1
"OTHER_ITEMS",24,11,15632,1
"OTHER_ITEMS",48,13,14911,1
"OTHER_ITEMS",25,13,14338,1
"OTHER_ITEMS",36,9,14911,1
"OTHER_ITEMS",2,9,11111,1
"OTHER_ITEMS",25,16,15750,1
"OTHER_ITEMS",2,13,15311,1
"OTHER_ITEMS",12,12,12423,1
"OTHER_ITEMS",2,17,16764,1
"OTHER_ITEMS",12,13,15858,1
"OTHER_ITEMS",36,13,12716,1
"OTHER_ITEMS",24,12,14005,1
"OTHER_ITEMS",36,11,14159,1
"OTHER_ITEMS",24,14,13389,1
"CAKE CASE",120,12,12643,1
"OTHER_ITEMS",72,15,12906,1
"OTHER_ITEMS",25,13,14646,1
"OTHER_ITEMS",25,13,17672,1
"OTHER_ITEMS",312,14,15939,1
"OTHER_ITEMS",6,12,16713,1
"OTHER_ITEMS",10,15,11111,1
"GAMES",7,15,14096,1
"DECORATION",24,10,14314,1
"OTHER_ITEMS",12,12,14732,1
"BAG",12,13,16043,1
"DECORATION",48,16,16409,1
"OTHER_ITEMS",6,14,14547,1
"OTHER_ITEMS",6,15,14505,1
"METAL SIGNS",20,11,15039,1
"BAG",24,15,16416,1
"OTHER_ITEMS",24,11,15358,1
"OTHER_ITEMS",2,12,15483,1
"OTHER_ITEMS",10,11,14800,1
"OTHER_ITEMS",12,13,13842,1
"OTHER_ITEMS",12,16,15555,1
"OTHER_ITEMS",1,12,15483,1
"OTHER_ITEMS",16,10,14911,1
"OTHER_ITEMS",12,9,12456,1
"OTHER_ITEMS",12,15,12836,1
"OTHER_ITEMS",24,8,15651,1
"OTHER_ITEMS",3,11,17841,1
"OTHER_ITEMS",12,13,14702,1
"OTHER_ITEMS",1,11,11111,1
"OTHER_ITEMS",24,11,17451,1
"OTHER_ITEMS",1,11,15919,1
"OTHER_ITEMS",10,15,11111,1
"OTHER_ITEMS",48,10,18097,1
"OTHER_ITEMS",24,10,14616,1
"OTHER_ITEMS",48,13,13266,1
"OTHER_ITEMS",48,11,14936,1
"OTHER_ITEMS",25,12,13089,1
"OTHER_ITEMS",48,11,13268,1
"OTHER_ITEMS",80,14,16224,1
"OTHER_ITEMS",24,9,17499,1
"CANDLES",12,12,17481,1
"OTHER_ITEMS",24,10,12406,1
"OTHER_ITEMS",24,18,16743,1
"OTHER_ITEMS",1,15,14529,1
"OTHER_ITEMS",12,13,13004,1
"OTHER_ITEMS",1,10,17348,1
"OTHER_ITEMS",120,10,13694,1
"OTHER_ITEMS",6,16,14093,1
"OTHER_ITEMS",10,16,16918,1
"OTHER_ITEMS",12,12,14534,1
"OTHER_ITEMS",36,15,17811,1
"OTHER_ITEMS",25,10,17695,1
"OTHER_ITEMS",2,12,17920,1
"OTHER_ITEMS",12,13,17602,1
"OTHER_ITEMS",24,12,17272,1
"OTHER_ITEMS",1,13,16549,1
"OTHER_ITEMS",48,12,13798,1
"OTHER_ITEMS",480,12,17381,1
"OTHER_ITEMS",25,9,12428,1
"CANDLES",16,11,13988,1
"OTHER_ITEMS",12,14,16726,1
"OTHER_ITEMS",9,13,14704,1
"OTHER_ITEMS",12,16,15674,1
"DECORATION",21,12,13527,1
"OTHER_ITEMS",5,17,11111,1
"OTHER_ITEMS",48,10,17629,1
"OTHER_ITEMS",36,13,14401,1
"OTHER_ITEMS",12,10,13314,1
"OTHER_ITEMS",12,11,13090,1
"OTHER_ITEMS",1,11,11111,1
"OTHER_ITEMS",2,16,11111,1
"OTHER_ITEMS",24,10,14291,1
"OTHER_ITEMS",10,12,14666,1
"OTHER_ITEMS",12,10,12558,1
"OTHER_ITEMS",48,11,13381,1
"DECORATION",2,14,13271,1
"OTHER_ITEMS",24,12,15673,1
"DECORATION",3,11,16923,1
"OTHER_ITEMS",144,16,16711,1
"DECORATION",24,9,17926,1
"OTHER_ITEMS",12,15,13230,1
"OTHER_ITEMS",1,11,15573,1
"OTHER_ITEMS",1,13,12748,1
"OTHER_ITEMS",25,15,16395,1
"OTHER_ITEMS",1,10,16241,1
"OTHER_ITEMS",3,16,11111,1
"OTHER_ITEMS",50,9,13107,1
"OTHER_ITEMS",144,13,17511,1
"OTHER_ITEMS",3,11,17835,1
"OTHER_ITEMS",25,12,17272,1
"OTHER_ITEMS",1,9,11111,1
"GAMES",3,16,11111,1
"OTHER_ITEMS",1,13,18088,1
"OTHER_ITEMS",25,15,12867,1
"OTHER_ITEMS",4,12,14606,1
"TEA SET",8,13,16728,1
"OTHER_ITEMS",24,14,17188,1
"OTHER_ITEMS",24,12,14606,1
"OTHER_ITEMS",50,13,14646,1
"OTHER_ITEMS",6,9,11111,1
"CAKE CASE",480,9,16684,1
"OTHER_ITEMS",24,11,13507,1
"OTHER_ITEMS",72,12,17744,1
"OTHER_ITEMS",1,16,15854,1
"TRINKET BOX",2,11,16936,1
"OTHER_ITEMS",2,15,11111,1
"OTHER_ITEMS",12,13,16513,1
"DECORATION",64,13,17429,1
"OTHER_ITEMS",25,13,17672,1
"OTHER_ITEMS",12,13,17422,1
"OTHER_ITEMS",13,10,16923,1
"OTHER_ITEMS",12,9,12625,1
"DECORATION",48,9,13141,1
"OTHER_ITEMS",24,16,17071,1
"OTHER_ITEMS",2,13,14587,1
"OTHER_ITEMS",48,15,17750,1
"OTHER_ITEMS",6,16,17614,1
"OTHER_ITEMS",12,12,16401,1
"OTHER_ITEMS",25,13,16607,1
"OTHER_ITEMS",25,10,13823,1
"OTHER_ITEMS",12,14,13546,1
"OTHER_ITEMS",24,9,13952,1
"OTHER_ITEMS",12,12,17160,1
"OTHER_ITEMS",24,13,17863,1
"DECORATION",24,13,17422,1
"OTHER_ITEMS",1,15,11111,1
"OTHER_ITEMS",25,12,15998,1
"OTHER_ITEMS",12,15,13588,1
"OTHER_ITEMS",25,15,12560,1
"OTHER_ITEMS",16,13,12433,1
"OTHER_ITEMS",24,12,15339,1
"OTHER_ITEMS",12,10,16015,1
"OTHER_ITEMS",3,16,17346,1
"OTHER_ITEMS",48,14,14298,1
"OTHER_ITEMS",24,14,15676,1
"GAMES",2,11,12748,1
"OTHER_ITEMS",24,14,16951,1
"OTHER_ITEMS",11,14,17954,1
"OTHER_ITEMS",12,9,14796,1
"OTHER_ITEMS",25,11,13722,1
"OTHER_ITEMS",4,11,17769,1
"OTHER_ITEMS",3,13,16813,1
"OTHER_ITEMS",24,11,13026,1
"OTHER_ITEMS",48,11,14004,1
"OTHER_ITEMS",25,9,16722,1
"OTHER_ITEMS",10,14,14800,1
"OTHER_ITEMS",36,11,15840,1
"BAG",12,12,15514,1
"GAMES",2,16,11111,1
"OTHER_ITEMS",6,8,12520,1
"DECORATION",24,19,13102,1
"OTHER_ITEMS",24,8,15699,1
"OTHER_ITEMS",33,16,11111,1
"OTHER_ITEMS",48,9,14911,1
"OTHER_ITEMS",24,15,17750,1
"OTHER_ITEMS",36,12,12748,1
"OTHER_ITEMS",24,15,12720,1
"OTHER_ITEMS",10,12,13668,1
"DECORATION",3,14,16426,1
"OTHER_ITEMS",36,12,15194,1
"OTHER_ITEMS",25,15,18079,1
"OTHER_ITEMS",25,10,13447,1
"OTHER_ITEMS",1,10,13685,1
"OTHER_ITEMS",48,13,17470,1
"DECORATION",48,17,14525,1
"OTHER_ITEMS",12,14,14447,1
"OTHER_ITEMS",8,16,11111,1
"OTHER_ITEMS",2,16,15679,1
"OTHER_ITEMS",10,16,11111,1
"OTHER_ITEMS",5,13,17585,1
"OTHER_ITEMS",1,13,14730,1
"OTHER_ITEMS",24,16,15750,1
"OTHER_ITEMS",12,15,12562,1
"GAMES",12,14,17405,1
"OTHER_ITEMS",3,15,11111,1
"OTHER_ITEMS",25,8,14741,1
"DECORATION",4,17,11111,1
"DECORATION",48,12,18034,1
"OTHER_ITEMS",1,13,14597,1
"OTHER_ITEMS",9,15,11111,1
"OTHER_ITEMS",10,13,12841,1
"DECORATION",48,14,14525,1
"OTHER_ITEMS",36,11,17884,1
"OTHER_ITEMS",10,12,15555,1
"OTHER_ITEMS",24,14,15786,1
"OTHER_ITEMS",25,11,13089,1
"OTHER_ITEMS",50,12,14079,1
"OTHER_ITEMS",16,8,16458,1
"OTHER_ITEMS",3,16,11111,1
"OTHER_ITEMS",1,16,11111,1
"OTHER_ITEMS",24,12,16131,1
"OTHER_ITEMS",25,8,13004,1
"OTHER_ITEMS",24,12,13365,1
"OTHER_ITEMS",25,10,17593,1
"OTHER_ITEMS",25,8,16003,1
"OTHER_ITEMS",25,14,13211,1
"OTHER_ITEMS",24,14,13767,1
"OTHER_ITEMS",72,14,13784,1
"OTHER_ITEMS",6,13,14456,1
"OTHER_ITEMS",1,13,17625,1
"DECORATION",6,14,13614,1
"OTHER_ITEMS",2,12,15483,1
"OTHER_ITEMS",1,16,11111,1
"OTHER_ITEMS",48,13,15228,1
"OTHER_ITEMS",12,12,17365,1
"OTHER_ITEMS",1,14,17841,1
"DECORATION",36,10,17730,1
"OTHER_ITEMS",48,11,14321,1
"OTHER_ITEMS",240,10,12901,1
"OTHER_ITEMS",4,12,15005,1
"OTHER_ITEMS",10,13,14594,1
"OTHER_ITEMS",1,10,17920,1
"OTHER_ITEMS",36,15,14697,1
"OTHER_ITEMS",12,14,17359,1
"OTHER_ITEMS",12,13,16940,1
"OTHER_ITEMS",2,15,17841,1
"OTHER_ITEMS",72,12,17511,1
"OTHER_ITEMS",24,14,14911,1
"OTHER_ITEMS",24,9,15942,1
"OTHER_ITEMS",14,16,11111,1
"OTHER_ITEMS",48,8,13536,1
"OTHER_ITEMS",24,13,15157,1
"OTHER_ITEMS",25,12,11111,1
"OTHER_ITEMS",2,13,13263,1
"OTHER_ITEMS",1,11,17841,1
"OTHER_ITEMS",48,10,14769,1
"OTHER_ITEMS",25,10,12758,1
"BAG",12,8,17489,1
"CANDLES",16,20,17602,1
"OTHER_ITEMS",24,11,17864,1
"OTHER_ITEMS",12,9,17744,1
"OTHER_ITEMS",12,10,13203,1
"OTHER_ITEMS",144,9,15382,1
"OTHER_ITEMS",24,13,16033,1
"OTHER_ITEMS",8,12,14159,1
"OTHER_ITEMS",48,13,12433,1
"OTHER_ITEMS",25,16,15867,1
"CANDLES",96,13,13149,1
"OTHER_ITEMS",12,15,17950,1
"OTHER_ITEMS",12,14,13266,1
"OTHER_ITEMS",48,12,12524,1
"OTHER_ITEMS",3,15,13451,1
"OTHER_ITEMS",1,12,17841,1
"DECORATION",5,15,15746,1
"DECORATION",2,14,17962,1
"OTHER_ITEMS",72,14,14505,1
"OTHER_ITEMS",24,15,12867,1
"OTHER_ITEMS",60,11,17368,1
"OTHER_ITEMS",1,15,11111,1
"OTHER_ITEMS",24,11,13517,1
"OTHER_ITEMS",50,13,16440,1
"OTHER_ITEMS",12,12,12841,1
"OTHER_ITEMS",25,10,12720,1
"OTHER_ITEMS",5,11,12748,1
"OTHER_ITEMS",1,11,14606,1
"OTHER_ITEMS",24,9,18263,1
"OTHER_ITEMS",4800,12,12901,1
"OTHER_ITEMS",2,11,15325,1
"OTHER_ITEMS",1,13,12847,1
"OTHER_ITEMS",1,15,14456,1
"CAKE CASE",120,16,12395,1
"GAMES",400,12,14646,1
"OTHER_ITEMS",12,13,16940,1
"OTHER_ITEMS",3,12,17625,1
"OTHER_ITEMS",24,12,16729,1
"OTHER_ITEMS",100,14,14298,1
"OTHER_ITEMS",24,8,16700,1
"OTHER_ITEMS",24,9,16650,1
"OTHER_ITEMS",36,12,17416,1
"OTHER_ITEMS",48,12,17520,1
"OTHER_ITEMS",72,11,14646,1
"OTHER_ITEMS",24,13,15146,1
"OTHER_ITEMS",36,10,17220,1
"OTHER_ITEMS",25,11,18145,1
"OTHER_ITEMS",25,12,15156,1
"OTHER_ITEMS",12,14,13488,1
"OTHER_ITEMS",1,19,17841,1
"OTHER_ITEMS",3,13,13521,1
"OTHER_ITEMS",100,13,15484,1
"OTHER_ITEMS",2,15,17375,1
"OTHER_ITEMS",36,11,13269,1
"OTHER_ITEMS",12,9,12621,1
"OTHER_ITEMS",5,16,15406,1
"DECORATION",6,10,11111,1
"OTHER_ITEMS",8,12,12748,1
"OTHER_ITEMS",25,12,13552,1
"OTHER_ITEMS",24,13,16096,1
"OTHER_ITEMS",72,14,16771,1
"OTHER_ITEMS",48,13,15157,1
"OTHER_ITEMS",24,13,14367,1
"OTHER_ITEMS",114,11,18116,1
"OTHER_ITEMS",48,10,16722,1
"OTHER_ITEMS",12,11,18041,1
"OTHER_ITEMS",25,11,12561,1
"OTHER_ITEMS",60,13,14132,1
"OTHER_ITEMS",24,17,14415,1
"DECORATION",12,12,13700,1
"OTHER_ITEMS",36,11,17832,1
"OTHER_ITEMS",12,17,14911,1
"OTHER_ITEMS",12,15,14456,1
"OTHER_ITEMS",6,15,15889,1
"OTHER_ITEMS",25,15,12920,1
"OTHER_ITEMS",25,13,16049,1
"OTHER_ITEMS",25,13,16385,1
"OTHER_ITEMS",24,14,14541,1
"OTHER_ITEMS",5,13,11111,1
"CAKE CASE",48,10,14298,1
"OTHER_ITEMS",25,12,17059,1
"OTHER_ITEMS",12,14,15088,1
"OTHER_ITEMS",12,12,13089,1
"OTHER_ITEMS",1,13,16898,1
"OTHER_ITEMS",24,9,14911,1
"OTHER_ITEMS",2,15,11111,1
"OTHER_ITEMS",12,13,15831,1
"OTHER_ITEMS",48,14,14298,1
"OTHER_ITEMS",144,7,14156,1
"TEA SET",6,18,13451,1
"OTHER_ITEMS",12,16,12553,1
"OTHER_ITEMS",24,13,18086,1
"OTHER_ITEMS",1,13,15311,1
"OTHER_ITEMS",8,13,16919,1
"OTHER_ITEMS",12,16,14130,1
"OTHER_ITEMS",144,10,14646,1
"OTHER_ITEMS",2,14,16340,1
"OTHER_ITEMS",96,17,15856,1
"OTHER_ITEMS",3,16,11111,1
"OTHER_ITEMS",24,11,16571,1
"OTHER_ITEMS",12,14,15427,1
"OTHER_ITEMS",4,14,15356,1
"OTHER_ITEMS",2,10,14653,1
"GAMES",4,12,13764,1
"OTHER_ITEMS",12,15,13124,1
"OTHER_ITEMS",1,11,16906,1
"OTHER_ITEMS",14,12,14716,1
"OTHER_ITEMS",1,14,11111,1
"OTHER_ITEMS",60,10,14314,1
"OTHER_ITEMS",1,14,12970,1
"OTHER_ITEMS",1,10,13685,1
"OTHER_ITEMS",2,12,14159,1
"OTHER_ITEMS",6,16,18116,1
"OTHER_ITEMS",48,16,15977,1
"OTHER_ITEMS",2,14,14502,1
"OTHER_ITEMS",24,12,16628,1
"OTHER_ITEMS",25,15,15867,1
"OTHER_ITEMS",24,18,12417,1
"OTHER_ITEMS",3,13,17248,1
"OTHER_ITEMS",12,12,15518,1
"OTHER_ITEMS",36,13,16841,1
"OTHER_ITEMS",24,13,16637,1
"GAMES",5,16,11111,1
"OTHER_ITEMS",48,15,17873,1
"OTHER_ITEMS",1,14,16110,1
"TRINKET BOX",48,13,14401,1
"OTHER_ITEMS",2,12,16910,1
"OTHER_ITEMS",12,12,13089,1
"OTHER_ITEMS",16,12,15249,1
"CAKE CASE",240,12,14005,1
"OTHER_ITEMS",25,15,12676,1
"OTHER_ITEMS",72,15,15861,1
"OTHER_ITEMS",24,16,14107,1
"OTHER_ITEMS",12,14,12948,1
"OTHER_ITEMS",3,12,11111,1
"OTHER_ITEMS",24,7,15505,1
"OTHER_ITEMS",12,15,13089,1
"OTHER_ITEMS",24,9,15764,1
"OTHER_ITEMS",48,16,14997,1
"OTHER_ITEMS",24,13,13233,1
"OTHER_ITEMS",25,16,13081,1
"OTHER_ITEMS",288,8,17404,1
"OTHER_ITEMS",3,11,15910,1
"OTHER_ITEMS",24,9,16746,1
"OTHER_ITEMS",40,16,17090,1
"OTHER_ITEMS",7,14,17124,1
"OTHER_ITEMS",1,14,16594,1
"OTHER_ITEMS",12,13,15376,1
"OTHER_ITEMS",25,12,16460,1
"OTHER_ITEMS",12,10,12865,1
"OTHER_ITEMS",25,11,15714,1
"OTHER_ITEMS",5,14,14953,1
"OTHER_ITEMS",12,12,15146,1
"OTHER_ITEMS",1,17,11111,1
"OTHER_ITEMS",25,17,15531,1
"OTHER_ITEMS",12,14,16364,1
"OTHER_ITEMS",25,10,15498,1
"OTHER_ITEMS",25,12,14911,1
"OTHER_ITEMS",100,10,12524,1
"OTHER_ITEMS",48,9,17965,1
"OTHER_ITEMS",24,15,16843,1
"OTHER_ITEMS",12,11,16655,1
"OTHER_ITEMS",24,11,14049,1
"OTHER_ITEMS",4,13,16024,1
"OTHER_ITEMS",3,15,15356,1
"OTHER_ITEMS",1,13,16891,1
"OTHER_ITEMS",12,14,15358,1
"OTHER_ITEMS",1,12,17194,1
"GAMES",2,13,12877,1
"OTHER_ITEMS",2,13,16776,1
"CANDLES",12,14,17806,1
"OTHER_ITEMS",25,10,14067,1
"OTHER_ITEMS",12,10,16560,1
"OTHER_ITEMS",2,16,15041,1
"OTHER_ITEMS",3,16,11111,1
"OTHER_ITEMS",3,13,14711,1
"OTHER_ITEMS",96,10,14298,1
"OTHER_ITEMS",3,16,16712,1
"OTHER_ITEMS",1,12,15573,1
"OTHER_ITEMS",24,15,16201,1
"OTHER_ITEMS",4,11,17841,1
"OTHER_ITEMS",25,14,17188,1
"OTHER_ITEMS",6,11,12748,1
"OTHER_ITEMS",25,10,12481,1
"OTHER_ITEMS",3,14,16771,1
"OTHER_ITEMS",12,9,12759,1
"OTHER_ITEMS",24,11,17865,1
"OTHER_ITEMS",12,12,14049,1
"TRINKET BOX",48,16,13126,1
"DECORATION",48,12,14298,1
"DECORATION",3,13,14449,1
"OTHER_ITEMS",1,10,15708,1
"OTHER_ITEMS",12,15,14769,1
"OTHER_ITEMS",8,16,15679,1
"OTHER_ITEMS",48,14,14401,1
"OTHER_ITEMS",36,14,14156,1
"OTHER_ITEMS",24,14,14722,1
"OTHER_ITEMS",24,9,16187,1
"OTHER_ITEMS",2,13,18125,1
"OTHER_ITEMS",12,11,16556,1
"OTHER_ITEMS",25,12,16644,1
"OTHER_ITEMS",2,11,13566,1
"OTHER_ITEMS",1,13,17777,1
"CANDLES",12,13,15456,1
"OTHER_ITEMS",48,14,14460,1
"OTHER_ITEMS",25,10,13325,1
"OTHER_ITEMS",24,10,14414,1
"OTHER_ITEMS",12,11,16729,1
"OTHER_ITEMS",1,11,14159,1
"DECORATION",48,16,13174,1
"OTHER_ITEMS",24,16,15398,1
"OTHER_ITEMS",6,16,13859,1
"OTHER_ITEMS",24,13,15786,1
"OTHER_ITEMS",25,12,17841,1
"OTHER_ITEMS",25,12,15594,1
"OTHER_ITEMS",1,14,16474,1
"OTHER_ITEMS",1,14,17841,1
"OTHER_ITEMS",12,14,13271,1
"OTHER_ITEMS",12,13,13268,1
"OTHER_ITEMS",12,14,17954,1
"OTHER_ITEMS",12,14,13089,1
"DECORATION",1,13,16764,1
"OTHER_ITEMS",3,14,12904,1
"OTHER_ITEMS",36,13,13309,1
"OTHER_ITEMS",24,10,12684,1
"OTHER_ITEMS",36,10,14422,1
"OTHER_ITEMS",12,16,17364,1
"OTHER_ITEMS",24,13,17863,1
"OTHER_ITEMS",36,14,14194,1
"OTHER_ITEMS",5,13,17379,1
"OTHER_ITEMS",24,12,17520,1
"GAMES",1,12,16470,1
"OTHER_ITEMS",12,15,16655,1
"OTHER_ITEMS",12,11,17730,1
"OTHER_ITEMS",25,13,17696,1
"OTHER_ITEMS",1,16,11111,1
"OTHER_ITEMS",8,12,17779,1
"OTHER_ITEMS",12,9,12540,1
"OTHER_ITEMS",240,10,12415,1
"OTHER_ITEMS",48,12,17774,1
"OTHER_ITEMS",25,14,12705,1
"OTHER_ITEMS",200,15,15061,1
"OTHER_ITEMS",24,13,16358,1
"OTHER_ITEMS",24,11,14911,1
"OTHER_ITEMS",25,11,17771,1
"OTHER_ITEMS",4,10,15443,1
"OTHER_ITEMS",8,15,16898,1
"OTHER_ITEMS",24,9,13426,1
"OTHER_ITEMS",12,14,17433,1
"OTHER_ITEMS",25,14,12480,1
"OTHER_ITEMS",1,11,11111,1
"OTHER_ITEMS",12,12,12713,1
"OTHER_ITEMS",24,10,18027,1
"OTHER_ITEMS",48,13,13340,1
"OTHER_ITEMS",48,9,15498,1
"OTHER_ITEMS",25,14,14830,1
"OTHER_ITEMS",12,13,16497,1
"OTHER_ITEMS",4,11,15529,1
"OTHER_ITEMS",24,17,15450,1
"OTHER_ITEMS",20,15,14916,1
"OTHER_ITEMS",3,14,15581,1
"OTHER_ITEMS",48,12,17426,1
"OTHER_ITEMS",4,15,11111,1
"OTHER_ITEMS",6,13,15484,1
"OTHER_ITEMS",48,15,12726,1
"OTHER_ITEMS",12,12,15804,1
"OTHER_ITEMS",36,14,17899,1
"OTHER_ITEMS",24,8,15410,1
"OTHER_ITEMS",24,15,16903,1
"OTHER_ITEMS",24,12,16494,1
"OTHER_ITEMS",96,16,17651,1
"OTHER_ITEMS",25,12,12428,1
"OTHER_ITEMS",24,14,17010,1
"OTHER_ITEMS",36,12,14067,1
"OTHER_ITEMS",25,11,12766,1
"OTHER_ITEMS",12,15,12626,1
"OTHER_ITEMS",12,10,18044,1
"OTHER_ITEMS",1,15,14796,1
"BAG",12,14,15358,1
"OTHER_ITEMS",36,14,17115,1
"OTHER_ITEMS",12,11,12472,1
"OTHER_ITEMS",12,15,15547,1
"OTHER_ITEMS",25,15,14291,1
"OTHER_ITEMS",12,16,17231,1
"OTHER_ITEMS",12,10,16142,1
"OTHER_ITEMS",12,9,18225,1
"OTHER_ITEMS",15,12,16392,1
"OTHER_ITEMS",24,12,16426,1
"OTHER_ITEMS",19,13,14704,1
"OTHER_ITEMS",25,9,12471,1
"CANDLES",36,13,15601,1
"OTHER_ITEMS",25,15,13408,1
"OTHER_ITEMS",24,11,14140,1
"OTHER_ITEMS",1,11,18119,1
"OTHER_ITEMS",1,16,17861,1
"OTHER_ITEMS",48,14,14883,1
"OTHER_ITEMS",24,13,14808,1
"OTHER_ITEMS",6,12,15555,1
"OTHER_ITEMS",25,15,13871,1
"OTHER_ITEMS",6,10,15572,1
"DECORATION",24,11,13882,1
"T-LIGHTS",1,11,15877,1
"OTHER_ITEMS",12,10,12474,1
"OTHER_ITEMS",25,10,17354,1
"OTHER_ITEMS",24,13,16133,1
"OTHER_ITEMS",12,9,16341,1
"OTHER_ITEMS",25,15,13451,1
"DECORATION",12,12,13787,1
"OTHER_ITEMS",12,10,15301,1
"OTHER_ITEMS",12,12,15513,1
"DECORATION",1,13,11111,1
"OTHER_ITEMS",6,16,17585,1
"OTHER_ITEMS",48,9,16567,1
"OTHER_ITEMS",12,13,17379,1
"OTHER_ITEMS",1,13,16904,1
"OTHER_ITEMS",36,9,17416,1
"DECORATION",96,14,16746,1
"OTHER_ITEMS",576,9,12754,1
"OTHER_ITEMS",5,12,15701,1
"OTHER_ITEMS",3,17,14971,1
"OTHER_ITEMS",1,19,17841,1
"OTHER_ITEMS",1,12,15863,1
"DECORATION",576,11,17511,1
"OTHER_ITEMS",8,13,16931,1
"OTHER_ITEMS",24,12,15142,1
"OTHER_ITEMS",25,8,13055,1
"GAMES",1,18,14592,1
"OTHER_ITEMS",12,17,16558,1
"OTHER_ITEMS",12,8,13349,1
"DECORATION",10,11,16205,1
"OTHER_ITEMS",24,12,14298,1
"OTHER_ITEMS",36,15,16493,1
"OTHER_ITEMS",48,11,14223,1
"OTHER_ITEMS",25,13,17428,1
"OTHER_ITEMS",5,12,14178,1
"OTHER_ITEMS",12,11,12682,1
"T-LIGHTS",36,16,18171,1
"DECORATION",72,13,14591,1
"OTHER_ITEMS",25,11,12748,1
"OTHER_ITEMS",66,14,13101,1
"OTHER_ITEMS",24,14,17612,1
"OTHER_ITEMS",24,11,13735,1
"OTHER_ITEMS",100,14,12627,1
"OTHER_ITEMS",4,15,14432,1
"OTHER_ITEMS",9,16,17109,1
"OTHER_ITEMS",24,10,16245,1
"OTHER_ITEMS",1,16,12577,1
"OTHER_ITEMS",25,8,14286,1
"OTHER_ITEMS",12,13,12615,1
"OTHER_ITEMS",24,14,15819,1
"OTHER_ITEMS",6,13,14704,1
"OTHER_ITEMS",25,12,13115,1
"OTHER_ITEMS",12,13,13569,1
"OTHER_ITEMS",24,15,13732,1
"DECORATION",6,15,15547,1
"OTHER_ITEMS",36,13,15679,1
"OTHER_ITEMS",24,15,14533,1
"OTHER_ITEMS",72,12,14646,1
"OTHER_ITEMS",1,13,16085,1
"OTHER_ITEMS",12,14,14606,1
"GAMES",12,12,14057,1
"OTHER_ITEMS",17,11,12748,1
"CANDLES",1152,12,13694,1
"OTHER_ITEMS",12,13,18116,1
"OTHER_ITEMS",12,13,13869,1
"OTHER_ITEMS",216,10,16607,1
"OTHER_ITEMS",24,8,13629,1
"DECORATION",24,17,14643,1
"OTHER_ITEMS",2,13,17528,1
"OTHER_ITEMS",12,13,13015,1
"OTHER_ITEMS",12,11,13097,1
"OTHER_ITEMS",15,14,17806,1
"OTHER_ITEMS",4,15,14432,1
"OTHER_ITEMS",1,15,16241,1
"OTHER_ITEMS",2,12,17254,1
"OTHER_ITEMS",12,12,15874,1
"OTHER_ITEMS",50,8,13408,1
"OTHER_ITEMS",12,15,12836,1
"OTHER_ITEMS",24,12,14298,1
"OTHER_ITEMS",6,13,13263,1
"OTHER_ITEMS",25,10,17243,1
"OTHER_ITEMS",12,16,12433,1
"OTHER_ITEMS",6,18,13969,1
"OTHER_ITEMS",12,16,12607,1
"DECORATION",2,12,14527,1
"METAL SIGNS",20,10,13162,1
"OTHER_ITEMS",24,15,13681,1
"OTHER_ITEMS",25,13,13869,1
"OTHER_ITEMS",12,14,15492,1
"DECORATION",24,13,16734,1
"OTHER_ITEMS",24,12,15159,1
"OTHER_ITEMS",4,14,15004,1
"OTHER_ITEMS",2,13,14456,1
"OTHER_ITEMS",12,14,15427,1
"OTHER_ITEMS",12,10,16186,1
"OTHER_ITEMS",48,13,14911,1
"OTHER_ITEMS",12,15,12763,1
"OTHER_ITEMS",25,13,14135,1
"METAL SIGNS",24,15,14232,1
"OTHER_ITEMS",1,12,16744,1
"OTHER_ITEMS",48,11,16133,1
"OTHER_ITEMS",25,12,14132,1
"OTHER_ITEMS",36,12,15022,1
"OTHER_ITEMS",12,12,14178,1
"OTHER_ITEMS",4,14,17758,1
"OTHER_ITEMS",5,14,17634,1
"GAMES",2,11,16960,1
"OTHER_ITEMS",6,14,15701,1
"OTHER_ITEMS",24,16,17651,1
"OTHER_ITEMS",6,16,18069,1
"OTHER_ITEMS",24,17,17360,1
"OTHER_ITEMS",25,13,15485,1
"OTHER_ITEMS",12,11,14321,1
"OTHER_ITEMS",24,14,15831,1
"OTHER_ITEMS",36,11,15860,1
"BAG",2,11,13533,1
"DECORATION",72,13,13717,1
"OTHER_ITEMS",72,17,17530,1
"DECORATION",24,13,15194,1
"OTHER_ITEMS",1,12,12748,1
"OTHER_ITEMS",25,12,13654,1
"OTHER_ITEMS",13,16,11111,1
"OTHER_ITEMS",5,16,13969,1
"OTHER_ITEMS",25,15,13141,1
"OTHER_ITEMS",24,12,14911,1
"OTHER_ITEMS",8,14,16729,1
"OTHER_ITEMS",3,14,17284,1
"OTHER_ITEMS",60,12,12501,1
"OTHER_ITEMS",24,14,14057,1
"OTHER_ITEMS",7,15,11111,1
"OTHER_ITEMS",25,14,16686,1
"OTHER_ITEMS",25,15,15150,1
"OTHER_ITEMS",25,10,15830,1
"DECORATION",36,11,18180,1
"OTHER_ITEMS",1,14,11111,1
"DECORATION",48,9,13050,1
"OTHER_ITEMS",20,12,15570,1
"OTHER_ITEMS",12,12,14662,1
"OTHER_ITEMS",25,14,17612,1
"OTHER_ITEMS",25,10,17315,1
"OTHER_ITEMS",36,14,18221,1
"OTHER_ITEMS",1,12,14583,1
"OTHER_ITEMS",25,16,13309,1
"OTHER_ITEMS",3,14,17920,1
"OTHER_ITEMS",192,17,13694,1
"OTHER_ITEMS",25,11,15919,1
"OTHER_ITEMS",4,9,11111,1
"OTHER_ITEMS",10,16,11111,1
"OTHER_ITEMS",24,16,16131,1
"OTHER_ITEMS",2,16,11111,1
"OTHER_ITEMS",12,10,14911,1
"OTHER_ITEMS",24,9,16379,1
"OTHER_ITEMS",12,10,13588,1
"OTHER_ITEMS",5,13,11111,1
"OTHER_ITEMS",24,12,13004,1
"OTHER_ITEMS",4,12,16474,1
"OTHER_ITEMS",12,8,14286,1
"OTHER_ITEMS",5,17,15514,1
"OTHER_ITEMS",24,12,16076,1
"OTHER_ITEMS",24,12,18082,1
"OTHER_ITEMS",24,15,15867,1
"OTHER_ITEMS",8,12,15752,1
"OTHER_ITEMS",1,12,15901,1
"OTHER_ITEMS",12,11,13089,1
"OTHER_ITEMS",12,14,17405,1
"OTHER_ITEMS",14,17,11111,1
"OTHER_ITEMS",25,13,12935,1
"OTHER_ITEMS",36,9,13924,1
"OTHER_ITEMS",25,15,18079,1
"OTHER_ITEMS",2,11,17073,1
"OTHER_ITEMS",24,11,15785,1
"CAKE CASE",120,10,13819,1
"OTHER_ITEMS",12,15,12867,1
"OTHER_ITEMS",50,15,12748,1
"GAMES",6,12,16657,1
"OTHER_ITEMS",48,12,17002,1
"OTHER_ITEMS",25,9,16700,1
"OTHER_ITEMS",36,13,12847,1
"OTHER_ITEMS",24,10,13000,1
"CANDLES",24,15,12748,1
"OTHER_ITEMS",30,12,17211,1
"OTHER_ITEMS",48,13,16394,1
"OTHER_ITEMS",20,11,14298,1
"OTHER_ITEMS",1,15,11111,1
"OTHER_ITEMS",12,12,15799,1
"OTHER_ITEMS",25,13,15555,1
"OTHER_ITEMS",12,13,16700,1
"OTHER_ITEMS",36,15,13717,1
"OTHER_ITEMS",24,14,16463,1
"OTHER_ITEMS",2,17,11111,1
"OTHER_ITEMS",12,16,17350,1
"OTHER_ITEMS",48,11,16133,1
"T-LIGHT HOLDER",10,13,17841,1
"OTHER_ITEMS",24,11,13081,1
"OTHER_ITEMS",1,12,12748,1
"OTHER_ITEMS",24,14,14057,1
"OTHER_ITEMS",28,13,12681,1
"OTHER_ITEMS",1,11,12748,1
"OTHER_ITEMS",12,13,12877,1
"OTHER_ITEMS",36,12,17412,1
"OTHER_ITEMS",5,16,13467,1
"OTHER_ITEMS",24,17,13851,1
"OTHER_ITEMS",12,13,16743,1
"OTHER_ITEMS",25,16,16600,1
"OTHER_ITEMS",6,14,13208,1
"OTHER_ITEMS",24,10,15529,1
"OTHER_ITEMS",216,11,17940,1
"DECORATION",24,10,17725,1
"OTHER_ITEMS",24,15,13395,1
"OTHER_ITEMS",1,14,17841,1
"OTHER_ITEMS",12,11,16723,1
"OTHER_ITEMS",25,9,17706,1
"OTHER_ITEMS",3,13,14456,1
"OTHER_ITEMS",24,13,16240,1
"OTHER_ITEMS",24,13,12949,1
"OTHER_ITEMS",12,12,13089,1
"OTHER_ITEMS",1,12,17255,1
"GAMES",2,12,14456,1
"OTHER_ITEMS",200,10,15061,1
"OTHER_ITEMS",1,10,18118,1
"OTHER_ITEMS",432,18,17940,1
"OTHER_ITEMS",24,14,16340,1
"OTHER_ITEMS",12,16,16918,1
"OTHER_ITEMS",12,14,13285,1
"OTHER_ITEMS",25,14,13211,1
"OTHER_ITEMS",25,15,13875,1
"OTHER_ITEMS",36,17,13694,1
"OTHER_ITEMS",12,10,13089,1
"OTHER_ITEMS",36,15,14456,1
"OTHER_ITEMS",6,13,17977,1
"OTHER_ITEMS",12,14,15185,1
"OTHER_ITEMS",5,16,15555,1
"OTHER_ITEMS",2,14,17338,1
"OTHER_ITEMS",24,9,12451,1
"OTHER_ITEMS",12,11,17884,1
"OTHER_ITEMS",58,12,15901,1
"OTHER_ITEMS",12,11,15919,1
"OTHER_ITEMS",2,13,14554,1
"OTHER_ITEMS",28,12,12620,1
"OTHER_ITEMS",4,16,18196,1
"OTHER_ITEMS",192,8,13081,1
"DECORATION",36,16,12971,1
"GAMES",1,16,15993,1
"OTHER_ITEMS",6,13,16728,1
"OTHER_ITEMS",24,10,14911,1
"OTHER_ITEMS",12,8,16297,1
"OTHER_ITEMS",5,16,15993,1
"OTHER_ITEMS",2,12,15701,1
"OTHER_ITEMS",12,12,17629,1
"OTHER_ITEMS",25,12,13384,1
"GAMES",20,15,16945,1
"DECORATION",1,15,11111,1
"OTHER_ITEMS",12,17,17997,1
"OTHER_ITEMS",24,9,15114,1
"OTHER_ITEMS",1,16,11111,1
"OTHER_ITEMS",12,10,17447,1
"OTHER_ITEMS",12,11,14099,1
"OTHER_ITEMS",24,12,18260,1
"OTHER_ITEMS",20,8,12688,1
"OTHER_ITEMS",1,11,15529,1
"OTHER_ITEMS",12,11,16316,1
"OTHER_ITEMS",12,14,16224,1
"OTHER_ITEMS",16,11,13700,1
"OTHER_ITEMS",24,14,13055,1
"OTHER_ITEMS",96,16,14646,1
"OTHER_ITEMS",48,10,13000,1
"OTHER_ITEMS",2,12,13184,1
"OTHER_ITEMS",1,13,16984,1
"OTHER_ITEMS",16,11,13268,1
"OTHER_ITEMS",48,17,16098,1
"OTHER_ITEMS",5,11,17841,1
"CAKE STAND",10,13,14911,1
"OTHER_ITEMS",12,14,13050,1
"OTHER_ITEMS",36,11,14298,1
"OTHER_ITEMS",1,12,14449,1
"GAMES",1,16,12748,1
"OTHER_ITEMS",3,12,14502,1
"OTHER_ITEMS",48,15,13176,1
"OTHER_ITEMS",12,9,13949,1
"OTHER_ITEMS",12,13,12867,1
"OTHER_ITEMS",4,16,13859,1
"OTHER_ITEMS",25,10,17686,1
"OTHER_ITEMS",12,13,12748,1
"OTHER_ITEMS",24,15,17434,1
"CANDLES",12,11,15547,1
"OTHER_ITEMS",3,14,16340,1
"OTHER_ITEMS",48,12,16482,1
"DECORATION",6,10,14606,1
"OTHER_ITEMS",24,14,14930,1
"OTHER_ITEMS",3,13,17019,1
"OTHER_ITEMS",24,14,12397,1
"OTHER_ITEMS",48,15,15665,1
"DECORATION",11,14,11111,1
"OTHER_ITEMS",12,9,15858,1
"DECORATION",24,13,15157,1
"OTHER_ITEMS",4,12,13212,1
"OTHER_ITEMS",12,13,13078,1
"OTHER_ITEMS",48,13,13991,1
"OTHER_ITEMS",17,9,11111,1
"OTHER_ITEMS",2,13,14803,1
"OTHER_ITEMS",24,12,13266,1
"OTHER_ITEMS",25,14,14895,1
"DECORATION",1,13,17585,1
"OTHER_ITEMS",12,13,16713,1
"DECORATION",48,15,15392,1
"OTHER_ITEMS",1,17,17459,1
"DECORATION",4,13,17608,1
"OTHER_ITEMS",12,10,15002,1
"OTHER_ITEMS",12,12,13309,1
"OTHER_ITEMS",10,11,14702,1
"BAG",5,16,11111,1
"OTHER_ITEMS",1,15,17841,1
"OTHER_ITEMS",12,13,15601,1
"OTHER_ITEMS",12,16,18069,1
"OTHER_ITEMS",12,10,15601,1
"OTHER_ITEMS",25,12,17841,1
"OTHER_ITEMS",3,20,17530,1
"OTHER_ITEMS",12,12,17860,1
"OTHER_ITEMS",25,17,12739,1
"OTHER_ITEMS",26,9,18053,1
"OTHER_ITEMS",36,13,14591,1
"OTHER_ITEMS",4,16,16921,1
"OTHER_ITEMS",25,10,16188,1
"OTHER_ITEMS",3,16,11111,1
"OTHER_ITEMS",6,15,11111,1
"OTHER_ITEMS",25,14,16045,1
"OTHER_ITEMS",1,17,11111,1
"OTHER_ITEMS",2,13,16898,1
"OTHER_ITEMS",2,18,17921,1
"OTHER_ITEMS",3,14,11111,1
"OTHER_ITEMS",24,13,17888,1
"OTHER_ITEMS",12,9,16607,1
"OTHER_ITEMS",96,15,16380,1
"OTHER_ITEMS",25,15,14293,1
"OTHER_ITEMS",1,15,11111,1
"OTHER_ITEMS",12,14,16729,1
"OTHER_ITEMS",12,10,15752,1
"OTHER_ITEMS",24,15,15513,1
"OTHER_ITEMS",36,11,17651,1
"OTHER_ITEMS",12,10,12423,1
"OTHER_ITEMS",4,16,16049,1
"OTHER_ITEMS",1,10,12754,1
"GAMES",1,15,11111,1
"OTHER_ITEMS",3,15,16549,1
"OTHER_ITEMS",25,11,17511,1
"OTHER_ITEMS",25,13,13309,1
"OTHER_ITEMS",28,13,15044,1
"OTHER_ITEMS",12,10,13418,1
"OTHER_ITEMS",24,14,13157,1
"OTHER_ITEMS",12,15,12748,1
"OTHER_ITEMS",24,8,12567,1
"OTHER_ITEMS",36,11,16936,1
"OTHER_ITEMS",2,17,17337,1
"OTHER_ITEMS",12,10,15039,1
"OTHER_ITEMS",1,13,17126,1
"OTHER_ITEMS",1,13,14178,1
"OTHER_ITEMS",25,8,14762,1
"OTHER_ITEMS",24,16,13269,1
"DECORATION",10,14,16930,1
"OTHER_ITEMS",24,12,12645,1
"OTHER_ITEMS",25,12,15987,1
"CAKE CASE",240,11,14156,1
"OTHER_ITEMS",24,9,15358,1
"OTHER_ITEMS",48,14,15570,1
"OTHER_ITEMS",2,15,17611,1
"OTHER_ITEMS",10,17,17883,1
"OTHER_ITEMS",2,13,17585,1
"OTHER_ITEMS",48,13,13248,1
"OTHER_ITEMS",1,16,11111,1
"OTHER_ITEMS",2,13,16891,1
"OTHER_ITEMS",12,15,17463,1
"OTHER_ITEMS",24,17,15450,1
"OTHER_ITEMS",3,16,17609,1
"OTHER_ITEMS",12,15,16052,1
"OTHER_ITEMS",24,12,17658,1
"OTHER_ITEMS",1,12,14583,1
"OTHER_ITEMS",48,12,14298,1
"OTHER_ITEMS",10,11,12748,1
"OTHER_ITEMS",25,9,15214,1
"OTHER_ITEMS",2,15,11111,1
"OTHER_ITEMS",12,12,13148,1
"T-LIGHT HOLDER",4,16,13263,1
"OTHER_ITEMS",12,9,18245,1
"OTHER_ITEMS",24,10,15594,1
"DECORATION",1,13,14375,1
"OTHER_ITEMS",12,12,18156,1
"OTHER_ITEMS",12,16,13418,1
"T-LIGHT HOLDER",12,13,17379,1
"OTHER_ITEMS",24,12,15673,1
"OTHER_ITEMS",1,15,13755,1
"OTHER_ITEMS",12,10,15910,1
"BAG",8,12,18022,1
"OTHER_ITEMS",24,17,17449,1
"BAG",17,16,11111,1
"OTHER_ITEMS",36,13,16841,1
"OTHER_ITEMS",12,14,12757,1
"OTHER_ITEMS",2,9,11111,1
"OTHER_ITEMS",25,16,17783,1
"CANDLES",16,11,13268,1
"OTHER_ITEMS",12,10,12428,1
"OTHER_ITEMS",24,12,12720,1
"OTHER_ITEMS",108,13,17888,1
"OTHER_ITEMS",20,12,17346,1
"OTHER_ITEMS",12,15,12626,1
"GAMES",5,10,11111,1
"OTHER_ITEMS",25,13,16722,1
"OTHER_ITEMS",12,14,12474,1
"OTHER_ITEMS",12,9,11111,1
"OTHER_ITEMS",25,19,13077,1
"OTHER_ITEMS",12,14,13173,1
"OTHER_ITEMS",36,11,14321,1
"DECORATION",1,11,14159,1
"OTHER_ITEMS",24,16,16566,1
"OTHER_ITEMS",2,15,17337,1
"OTHER_ITEMS",48,12,15841,1
"OTHER_ITEMS",50,10,17966,1
"OTHER_ITEMS",7,15,11111,1
"OTHER_ITEMS",1,12,14071,1
"DECORATION",3,13,12556,1
"OTHER_ITEMS",24,8,14286,1
"METAL SIGNS",20,16,13564,1
"DECORATION",5,16,15041,1
"OTHER_ITEMS",24,14,17672,1
"CANDLES",12,13,16885,1
"CAKE CASE",600,10,16684,1
"OTHER_ITEMS",100,14,14911,1
"OTHER_ITEMS",12,11,17730,1
"OTHER_ITEMS",3,12,17841,1
"OTHER_ITEMS",2,14,17218,1
"OTHER_ITEMS",25,13,16607,1
"OTHER_ITEMS",24,14,15106,1
"NO VIEW",56,11,11111,0
"NO VIEW",1,14,11111,0
"NO VIEW",1,14,11111,0
"NO VIEW",1,14,11111,0
"NO VIEW",1,14,11111,0
"NO VIEW",1,14,11111,0
"NO VIEW",1,14,11111,0
"NO VIEW",3,14,11111,0
"NO VIEW",23,14,11111,0
"NO VIEW",19,14,11111,0
"NO VIEW",20,12,11111,0
"NO VIEW",15,12,11111,0
"NO VIEW",57,15,11111,0
"NO VIEW",110,15,11111,0
"NO VIEW",70,15,11111,0
"NO VIEW",12,11,17062,0
"NO VIEW",1,12,12748,0
"NO VIEW",1,14,12647,0
"NO VIEW",5,12,11111,0
"NO VIEW",12,13,15882,0
"NO VIEW",120,16,11111,0
"NO VIEW",7,17,11111,0
"NO VIEW",10,17,11111,0
"NO VIEW",13,17,11111,0
"NO VIEW",1,17,11111,0
"NO VIEW",1,11,11111,0
"NO VIEW",1,11,11111,0
"NO VIEW",2,11,11111,0
"NO VIEW",1,11,11111,0
"NO VIEW",1,11,11111,0
"NO VIEW",2,11,11111,0
"NO VIEW",5,11,11111,0
"NO VIEW",2,11,11111,0
"NO VIEW",3,11,11111,0
"NO VIEW",3,11,11111,0
"NO VIEW",1,11,11111,0
"NO VIEW",1,11,11111,0
"NO VIEW",3,11,11111,0
"NO VIEW",1,11,11111,0
"NO VIEW",1,11,11111,0
"NO VIEW",1,11,11111,0
"NO VIEW",1,11,11111,0
"NO VIEW",1,11,11111,0
"NO VIEW",1,11,11111,0
"NO VIEW",1,11,11111,0
"NO VIEW",1,11,11111,0
"NO VIEW",3,11,11111,0
"NO VIEW",1,11,11111,0
"NO VIEW",1,11,11111,0
"NO VIEW",1,11,11111,0
"NO VIEW",1,11,11111,0
"NO VIEW",1,11,11111,0
"NO VIEW",3,11,11111,0
"NO VIEW",1,11,11111,0
"NO VIEW",2,11,11111,0
"NO VIEW",1,11,11111,0
"NO VIEW",1,11,11111,0
"NO VIEW",1,11,11111,0
"NO VIEW",2,11,11111,0
"NO VIEW",1,11,11111,0
"NO VIEW",1,11,11111,0
"NO VIEW",1,11,11111,0
"NO VIEW",1,11,11111,0
"NO VIEW",30,15,11111,0
"NO VIEW",12,13,12748,0
"NO VIEW",12,13,12748,0
"NO VIEW",1,18,11111,0
"NO VIEW",1,18,11111,0
"NO VIEW",1,18,11111,0
"NO VIEW",1,18,11111,0
"NO VIEW",2,18,11111,0
"NO VIEW",1,18,11111,0
"NO VIEW",1,18,11111,0
"NO VIEW",10,11,11111,0
"NO VIEW",144,12,11111,0
"NO VIEW",34,13,11111,0
"NO VIEW",8,13,11111,0
"NO VIEW",7,13,11111,0
"NO VIEW",30,13,11111,0
"NO VIEW",27,13,11111,0
"NO VIEW",1,14,11111,0
"NO VIEW",46,15,11111,0
"NO VIEW",79,15,11111,0
"NO VIEW",10,15,11111,0
"NO VIEW",84,15,11111,0
"NO VIEW",3,15,11111,0
"NO VIEW",3,15,11111,0
"NO VIEW",2,15,11111,0
"NO VIEW",2,15,11111,0
"NO VIEW",2,15,11111,0
"NO VIEW",2,15,11111,0
"NO VIEW",2,15,11111,0
"NO VIEW",2,15,11111,0
"NO VIEW",9,15,11111,0
"NO VIEW",2,15,11111,0
"NO VIEW",1,15,11111,0
"NO VIEW",1,15,11111,0
"NO VIEW",1,15,11111,0
"NO VIEW",288,17,11111,0
"NO VIEW",25,12,11111,0
"NO VIEW",30,14,11111,0
"NO VIEW",2,16,11111,0
"NO VIEW",1,16,11111,0
"NO VIEW",2,10,17894,0
"NO VIEW",4,12,17194,0
"NO VIEW",460,14,11111,0
"NO VIEW",20,15,11111,0
"NO VIEW",48,13,17692,0
"NO VIEW",4,14,16560,0
"NO VIEW",12,13,11111,0
"NO VIEW",752,10,11111,0
"NO VIEW",36,10,11111,0
"NO VIEW",8,12,11111,0
"NO VIEW",1,12,11111,0
"NO VIEW",1,12,11111,0
"NO VIEW",1,12,11111,0
"NO VIEW",53,14,11111,0
"NO VIEW",1,15,11111,0
"NO VIEW",30,15,11111,0
"NO VIEW",1,15,11111,0
"NO VIEW",1,14,11111,0
"NO VIEW",2,14,11111,0
"NO VIEW",2,14,11111,0
"NO VIEW",1,14,11111,0
"NO VIEW",2,14,11111,0
"NO VIEW",1,14,11111,0
"NO VIEW",2,14,11111,0
"NO VIEW",1,14,11111,0
"NO VIEW",1,14,11111,0
"NO VIEW",1,14,11111,0
"NO VIEW",2,14,11111,0
"NO VIEW",1,14,11111,0
"NO VIEW",2,14,11111,0
"NO VIEW",3,14,11111,0
"NO VIEW",2,14,11111,0
"NO VIEW",1,14,11111,0
"NO VIEW",2,14,11111,0
"NO VIEW",2,14,11111,0
"NO VIEW",1,14,11111,0
"NO VIEW",6,14,11111,0
"NO VIEW",5,14,11111,0
"NO VIEW",1,14,11111,0
"NO VIEW",1,14,11111,0
"NO VIEW",1,14,11111,0
"NO VIEW",1,14,11111,0
"NO VIEW",3,14,11111,0
"NO VIEW",1,14,11111,0
"NO VIEW",1,14,11111,0
"NO VIEW",1,14,11111,0
"NO VIEW",1,14,11111,0
"NO VIEW",5,14,11111,0
"NO VIEW",1,14,11111,0
"NO VIEW",4,14,11111,0
"NO VIEW",2,14,11111,0
"NO VIEW",2,14,11111,0
"NO VIEW",2,14,11111,0
"NO VIEW",1,14,11111,0
"NO VIEW",7,14,11111,0
"NO VIEW",1,14,11111,0
"NO VIEW",1,14,11111,0
"NO VIEW",2,14,11111,0
"NO VIEW",3,14,11111,0
"NO VIEW",3,14,11111,0
"NO VIEW",1,14,11111,0
"NO VIEW",18,16,18116,0
"NO VIEW",5,10,11111,0
"NO VIEW",2,10,11111,0
"NO VIEW",30,11,11111,0
"NO VIEW",2,12,11111,0
"NO VIEW",35,17,11111,0
"NO VIEW",144,16,11111,0
"NO VIEW",26,16,11111,0
"NO VIEW",40,16,11111,0
"NO VIEW",12,16,11111,0
"NO VIEW",1,16,11111,0
"NO VIEW",1,9,11111,0
"NO VIEW",1,9,11111,0
"NO VIEW",1,9,11111,0
"NO VIEW",1,9,11111,0
"NO VIEW",1000,9,11111,0
"NO VIEW",2,14,11111,0
"NO VIEW",1,14,11111,0
"NO VIEW",1,14,11111,0
"NO VIEW",1,15,11111,0
"NO VIEW",1,15,15107,0
"NO VIEW",12,13,18118,0
"NO VIEW",10,11,16904,0
"NO VIEW",8,18,11111,0
"NO VIEW",8,10,11111,0
"NO VIEW",1,12,11111,0
"NO VIEW",5,12,11111,0
"NO VIEW",192,13,11111,0
"NO VIEW",65,15,11111,0
"NO VIEW",5568,12,11111,0
"NO VIEW",2560,12,11111,0
"NO VIEW",5,12,11111,0
"NO VIEW",136,12,11111,0
"NO VIEW",3,12,11111,0
"NO VIEW",2,12,11111,0
"NO VIEW",2,12,11111,0
"NO VIEW",2,12,11111,0
"NO VIEW",1,12,11111,0
"NO VIEW",1,12,11111,0
"NO VIEW",4,12,11111,0
"NO VIEW",9,14,11111,0
"NO VIEW",4,10,11111,0
"NO VIEW",3,10,11111,0
"NO VIEW",10,12,11111,0
"NO VIEW",2,11,11111,0
"NO VIEW",1,13,11111,0
"NO VIEW",320,10,11111,0
"NO VIEW",960,10,11111,0
"NO VIEW",60,9,11111,0
"NO VIEW",1,13,11111,0
"NO VIEW",18,15,11111,0
"NO VIEW",1287,16,11111,0
"NO VIEW",3,17,11111,0
"NO VIEW",3,17,11111,0
"NO VIEW",4,9,11111,0
"NO VIEW",1,12,11111,0
"NO VIEW",118,15,11111,0
"NO VIEW",1,15,11111,0
"NO VIEW",1,15,11111,0
"NO VIEW",24,15,17843,0
"NO VIEW",16,13,17560,0
"NO VIEW",19,16,11111,0
"NO VIEW",6,16,11111,0
"NO VIEW",26,14,11111,0
"NO VIEW",2,17,17530,0
"NO VIEW",120,15,11111,0
"NO VIEW",51,9,11111,0
"NO VIEW",1,9,11111,0
"NO VIEW",13,9,11111,0
"NO VIEW",25,15,13421,0
"NO VIEW",1,13,11111,0
"NO VIEW",1,14,11111,0
"NO VIEW",1,14,11111,0
"NO VIEW",1,14,11111,0
"NO VIEW",2,14,11111,0
"NO VIEW",3,14,11111,0
"NO VIEW",1,14,11111,0
"NO VIEW",1,14,11111,0
"NO VIEW",1,14,11111,0
"NO VIEW",5,14,11111,0
"NO VIEW",3,14,11111,0
"NO VIEW",3,14,11111,0
"NO VIEW",6,14,11111,0
"NO VIEW",1,14,11111,0
"NO VIEW",1,14,11111,0
"NO VIEW",1,14,11111,0
"NO VIEW",1,14,11111,0
"NO VIEW",1,14,11111,0
"NO VIEW",1,14,11111,0
"NO VIEW",3,14,11111,0
"NO VIEW",2,14,11111,0
"NO VIEW",1,14,11111,0
"NO VIEW",2,14,11111,0
"NO VIEW",3,14,11111,0
"NO VIEW",1,14,11111,0
"NO VIEW",1,14,11111,0
"NO VIEW",2,14,11111,0
"NO VIEW",1,14,11111,0
"NO VIEW",1,14,11111,0
"NO VIEW",1,14,11111,0
"NO VIEW",3,14,11111,0
"NO VIEW",17,14,14046,0
"NO VIEW",20,15,11111,0
"NO VIEW",16,15,11111,0
"NO VIEW",140,13,11111,0
"NO VIEW",67,15,11111,0
"NO VIEW",34,15,11111,0
"NO VIEW",4,17,11111,0
"NO VIEW",144,11,11111,0
"NO VIEW",47,13,11111,0
"NO VIEW",3000,16,11111,0
"NO VIEW",73,16,11111,0
"NO VIEW",20,13,11111,0
"NO VIEW",219,13,11111,0
"NO VIEW",280,16,11111,0
"NO VIEW",232,16,11111,0
"NO VIEW",180,16,11111,0
"NO VIEW",48,12,11111,0
"NO VIEW",70,16,11111,0
"NO VIEW",60,16,11111,0
"NO VIEW",24,10,17315,0
"NO VIEW",72,15,11111,0
"NO VIEW",48,16,11111,0
"NO VIEW",12,12,12849,0
"NO VIEW",2,11,11111,0
"NO VIEW",3,11,11111,0
"NO VIEW",7,11,11111,0
"NO VIEW",3,11,11111,0
"NO VIEW",1,11,11111,0
"NO VIEW",3,11,11111,0
"NO VIEW",3,11,11111,0
"NO VIEW",3,11,11111,0
"NO VIEW",4,11,11111,0
"NO VIEW",3,11,11111,0
"NO VIEW",1,11,11111,0
"NO VIEW",1,11,11111,0
"NO VIEW",3,11,11111,0
"NO VIEW",2,11,11111,0
"NO VIEW",2,11,11111,0
"NO VIEW",4,11,16511,0
"NO VIEW",45,11,11111,0
"NO VIEW",4,11,11111,0
"NO VIEW",5,11,11111,0
"NO VIEW",4,11,11111,0
"NO VIEW",1,16,11111,0
"NO VIEW",1,16,11111,0
"NO VIEW",12,17,11111,0
"NO VIEW",24,17,11111,0
"NO VIEW",36,10,13239,0
"NO VIEW",5,15,11111,0
"NO VIEW",5,15,11111,0
"NO VIEW",4,15,11111,0
"NO VIEW",3,15,11111,0
"NO VIEW",3,15,11111,0
"NO VIEW",2,15,11111,0
"NO VIEW",2,15,11111,0
"NO VIEW",1,15,11111,0
"NO VIEW",3,15,11111,0
"NO VIEW",1,15,11111,0
"NO VIEW",1,15,11111,0
"NO VIEW",2,15,11111,0
"NO VIEW",1,15,11111,0
"NO VIEW",1,15,11111,0
"NO VIEW",2,16,11111,0
"NO VIEW",144,10,11111,0
"NO VIEW",60,11,11111,0
"NO VIEW",13,13,11111,0
"NO VIEW",12,16,11111,0
"NO VIEW",100,17,11111,0
"NO VIEW",1,14,11111,0
"NO VIEW",82,15,11111,0
"NO VIEW",2,12,14410,0
"NO VIEW",6,12,11111,0
"NO VIEW",5,13,11111,0
"NO VIEW",1,14,11111,0
"NO VIEW",3,14,11111,0
"NO VIEW",24,14,11111,0
"NO VIEW",1,14,11111,0
"NO VIEW",1,14,11111,0
"NO VIEW",167,15,11111,0
"NO VIEW",32,15,11111,0
"NO VIEW",23,15,11111,0
"NO VIEW",1000,15,11111,0
"NO VIEW",11,10,11111,0
"NO VIEW",2,13,11111,0
"NO VIEW",27,15,11111,0
"NO VIEW",48,16,11111,0
"NO VIEW",25,17,11111,0
"NO VIEW",14,9,11111,0
"NO VIEW",1,9,11111,0
"NO VIEW",2,10,11111,0
"NO VIEW",2,11,11111,0
"NO VIEW",180,11,11111,0
"NO VIEW",53,15,11111,0
"NO VIEW",11,16,11111,0
"NO VIEW",5,16,11111,0
"NO VIEW",150,17,11111,0
"NO VIEW",2,12,14527,0
"NO VIEW",25,17,11111,0
"NO VIEW",3,17,11111,0
"NO VIEW",2,17,11111,0
"NO VIEW",5,12,11111,0
"NO VIEW",4,12,11111,0
"NO VIEW",1,12,11111,0
"NO VIEW",3,16,11111,0
"NO VIEW",47,16,11111,0
"NO VIEW",10,17,11111,0
"NO VIEW",2,14,14410,0
"NO VIEW",20,14,11111,0
"NO VIEW",8,14,11111,0
"NO VIEW",17,14,11111,0
"NO VIEW",14,14,11111,0
"NO VIEW",2,17,11111,0
"NO VIEW",167,11,11111,0
"NO VIEW",31,15,11111,0
"NO VIEW",12,15,11111,0
"NO VIEW",7,15,11111,0
"NO VIEW",70,15,11111,0
"NO VIEW",26,15,11111,0
"NO VIEW",20,15,11111,0
"NO VIEW",8,17,11111,0
"NO VIEW",3,17,11111,0
"NO VIEW",9,17,11111,0
"NO VIEW",70,10,11111,0
"NO VIEW",12,11,11111,0
"NO VIEW",10,11,11111,0
"NO VIEW",11,11,11111,0
"NO VIEW",24,14,11111,0
"NO VIEW",46,14,11111,0
"NO VIEW",7,14,11111,0
"NO VIEW",8,15,11111,0
"NO VIEW",5,15,11111,0
"NO VIEW",6,15,11111,0
"NO VIEW",3,15,11111,0
"NO VIEW",1,15,11111,0
"NO VIEW",1,15,11111,0
"NO VIEW",1,15,11111,0
"NO VIEW",6,15,16348,0
"NO VIEW",1,18,12457,0
"NO VIEW",1300,13,11111,0
"NO VIEW",18,13,16399,0
"NO VIEW",30,15,11111,0
"NO VIEW",320,15,11111,0
"NO VIEW",6,12,11111,0
"NO VIEW",8,16,11111,0
"NO VIEW",8,14,11111,0
"NO VIEW",1,14,11111,0
"NO VIEW",3,14,11111,0
"NO VIEW",2,14,11111,0
"NO VIEW",2,14,11111,0
"NO VIEW",3,15,11111,0
"NO VIEW",14,15,11111,0
"NO VIEW",84,16,11111,0
"NO VIEW",2,16,11111,0
"NO VIEW",2,16,11111,0
"NO VIEW",20,17,11111,0
"NO VIEW",6,17,11111,0
"NO VIEW",6,17,11111,0
"NO VIEW",9,17,11111,0
"NO VIEW",1,17,11111,0
"NO VIEW",1,17,11111,0
"NO VIEW",5,17,11111,0
"NO VIEW",4,17,11111,0
"NO VIEW",1,17,11111,0
"NO VIEW",4,17,11111,0
"NO VIEW",18,12,11111,0
"NO VIEW",41,11,11111,0
"NO VIEW",48,12,16965,0
"NO VIEW",2,14,11111,0
"NO VIEW",60,15,11111,0
"NO VIEW",65,15,11111,0
"NO VIEW",60,15,11111,0
"NO VIEW",36,15,11111,0
"NO VIEW",101,15,11111,0
"NO VIEW",13,15,11111,0
"NO VIEW",400,12,11111,0
"NO VIEW",3,16,11111,0
"NO VIEW",27,16,11111,0
"NO VIEW",13,11,11111,0
"NO VIEW",5,11,11111,0
"NO VIEW",6,12,11111,0
"NO VIEW",90,12,11111,0
"NO VIEW",10,13,11111,0
"NO VIEW",14,13,11111,0
"NO VIEW",2,13,11111,0
"NO VIEW",2,10,11111,0
"NO VIEW",1,13,11111,0
"NO VIEW",1,13,11111,0
"NO VIEW",100,13,11111,0
"NO VIEW",100,13,11111,0
"NO VIEW",100,13,11111,0
"NO VIEW",100,13,11111,0
"NO VIEW",1,15,11111,0
"NO VIEW",70,15,11111,0
"NO VIEW",1,15,11111,0
"NO VIEW",1,15,11111,0
"NO VIEW",1,15,11111,0
"NO VIEW",1,15,11111,0
"NO VIEW",2,16,11111,0
"NO VIEW",1,16,11111,0
"NO VIEW",1,13,11111,0
"NO VIEW",24,11,11111,0
"NO VIEW",192,12,11111,0
"NO VIEW",2,14,11111,0
"NO VIEW",3,14,11111,0
"NO VIEW",11,14,11111,0
"NO VIEW",5,14,11111,0
"NO VIEW",4,14,11111,0
"NO VIEW",2,14,11111,0
"NO VIEW",5,14,11111,0
"NO VIEW",2,14,11111,0
"NO VIEW",4,14,11111,0
"NO VIEW",2,14,11111,0
"NO VIEW",1,14,11111,0
"NO VIEW",1,14,11111,0
"NO VIEW",1,14,11111,0
"NO VIEW",1,14,11111,0
"NO VIEW",2,14,11111,0
"NO VIEW",1,14,11111,0
"NO VIEW",1,14,11111,0
"NO VIEW",1,14,11111,0
"NO VIEW",1,14,11111,0
"NO VIEW",1,14,11111,0
"NO VIEW",1,14,11111,0
"NO VIEW",2,14,11111,0
"NO VIEW",1,14,11111,0
"NO VIEW",1,14,11111,0
"NO VIEW",1,14,11111,0
"NO VIEW",1,14,11111,0
"NO VIEW",1,14,11111,0
"NO VIEW",1,14,11111,0
"NO VIEW",1,14,11111,0
"NO VIEW",1,14,11111,0
"NO VIEW",1,14,11111,0
"NO VIEW",1,15,11111,0
"NO VIEW",1,15,11111,0
"NO VIEW",1,15,11111,0
"NO VIEW",1,15,11111,0
"NO VIEW",2,15,11111,0
"NO VIEW",1,15,11111,0
"NO VIEW",1,15,11111,0
"NO VIEW",1,15,11111,0
"NO VIEW",2,15,11111,0
"NO VIEW",5,15,11111,0
"NO VIEW",2,15,11111,0
"NO VIEW",1,15,11111,0
"NO VIEW",2,15,11111,0
"NO VIEW",4,15,11111,0
"NO VIEW",1,15,11111,0
"NO VIEW",1,15,11111,0
"NO VIEW",1,15,11111,0
"NO VIEW",1,15,11111,0
"NO VIEW",1,15,11111,0
"NO VIEW",1,15,11111,0
"NO VIEW",2,15,11111,0
"NO VIEW",1,15,11111,0
"NO VIEW",2,15,11111,0
"NO VIEW",1,15,11111,0
"NO VIEW",4,14,11111,0
"NO VIEW",3,16,11111,0
"NO VIEW",2,16,11111,0
"NO VIEW",1,16,11111,0
"NO VIEW",2,17,11111,0
"NO VIEW",2,17,11111,0
"NO VIEW",2,9,11111,0
"NO VIEW",1,9,11111,0
"NO VIEW",200,10,11111,0
"NO VIEW",10,13,11111,0
"NO VIEW",80,14,12415,0
"NO VIEW",1,10,11111,0
"NO VIEW",1,10,11111,0
"NO VIEW",6,12,11111,0
"NO VIEW",4,8,11111,0
"NO VIEW",47,11,11111,0
"NO VIEW",3,11,11111,0
"NO VIEW",67,11,11111,0
"NO VIEW",64,11,11111,0
"NO VIEW",24,16,11111,0
"NO VIEW",9,16,11111,0
"NO VIEW",5,17,11111,0
"NO VIEW",74,15,11111,0
"NO VIEW",6,15,11111,0
"NO VIEW",3,15,11111,0
"NO VIEW",2,15,11111,0
"NO VIEW",1,16,15241,0
"NO VIEW",800,10,11111,0
"NO VIEW",2,13,13232,0
"NO VIEW",2,15,11111,0
"NO VIEW",1,15,13062,0
"NO VIEW",1,10,16484,0
"NO VIEW",1,14,17900,0
"NO VIEW",50,16,11111,0
"NO VIEW",10,17,11111,0
"NO VIEW",1,11,11111,0
"NO VIEW",12,13,14623,0
"NO VIEW",1,10,13752,0
"NO VIEW",40,11,11111,0
"NO VIEW",17,12,11111,0
"NO VIEW",12,14,17522,0
"NO VIEW",4000,15,11111,0
"NO VIEW",2,9,11111,0
"NO VIEW",10,11,11111,0
"NO VIEW",47,11,11111,0
"NO VIEW",288,12,11111,0
"NO VIEW",19,13,11111,0
"NO VIEW",8,14,11111,0
"NO VIEW",1,13,16209,0
"NO VIEW",1,12,18073,0
"NO VIEW",1,13,14461,0
"NO VIEW",1,14,13720,0
"NO VIEW",2,15,11111,0
"NO VIEW",1,15,11111,0
"NO VIEW",80,16,11111,0
"NO VIEW",160,16,11111,0
"NO VIEW",3,16,11111,0
"NO VIEW",2,16,11111,0
"NO VIEW",1,16,11111,0
"NO VIEW",1,16,11111,0
"NO VIEW",1,16,11111,0
"NO VIEW",1,16,11111,0
"NO VIEW",2,16,11111,0
"NO VIEW",1,16,11111,0
"NO VIEW",10,9,11111,0
"NO VIEW",12,9,11111,0
"NO VIEW",9,9,11111,0
"NO VIEW",3,9,11111,0
"NO VIEW",2,9,11111,0
"NO VIEW",2,9,11111,0
"NO VIEW",5,11,11111,0
"NO VIEW",12,11,11111,0
"NO VIEW",44,14,11111,0
"NO VIEW",66,15,11111,0
"NO VIEW",80,13,11111,0
"NO VIEW",1,10,14463,0
"NO VIEW",11,10,11111,0
"NO VIEW",1,14,18073,0
"NO VIEW",8,16,11111,0
"NO VIEW",7,10,11111,0
"NO VIEW",1,14,11111,0
"NO VIEW",1,14,11111,0
"NO VIEW",1,14,11111,0
"NO VIEW",1,14,11111,0
"NO VIEW",1,14,11111,0
"NO VIEW",1,14,11111,0
"NO VIEW",3,14,11111,0
"NO VIEW",1,14,11111,0
"NO VIEW",2,14,11111,0
"NO VIEW",1,14,11111,0
"NO VIEW",1,14,11111,0
"NO VIEW",1,14,11111,0
"NO VIEW",1,14,11111,0
"NO VIEW",2,14,11111,0
"NO VIEW",1,14,11111,0
"NO VIEW",2,14,11111,0
"NO VIEW",4,14,11111,0
"NO VIEW",4,14,11111,0
"NO VIEW",3,14,11111,0
"NO VIEW",1,14,11111,0
"NO VIEW",1,14,11111,0
"NO VIEW",1,14,11111,0
"NO VIEW",3,14,11111,0
"NO VIEW",1,14,11111,0
"NO VIEW",6,14,11111,0
"NO VIEW",4,14,11111,0
"NO VIEW",6,14,11111,0
"NO VIEW",3,14,11111,0
"NO VIEW",3,15,11111,0
"NO VIEW",40,13,11111,0
"NO VIEW",100,10,11111,0
"NO VIEW",14,14,11111,0
"NO VIEW",37,14,11111,0
"NO VIEW",1,15,18265,0
"NO VIEW",24,15,11111,0
"NO VIEW",1,9,13338,0
"NO VIEW",11,9,11111,0
"NO VIEW",11,9,11111,0
"NO VIEW",4,9,11111,0
"NO VIEW",1,15,13695,0
"NO VIEW",10,15,11111,0
"NO VIEW",1,13,18144,0
"NO VIEW",147,14,11111,0
"NO VIEW",1,11,18073,0
"NO VIEW",200,12,11111,0
"NO VIEW",204,12,11111,0
"NO VIEW",1,13,13456,0
"NO VIEW",72,15,11111,0
"NO VIEW",17,10,11111,0
"NO VIEW",1,15,11111,0
"NO VIEW",23,11,11111,0
"NO VIEW",1,11,11111,0
"NO VIEW",3,11,11111,0
"NO VIEW",4,14,14796,0
"NO VIEW",3,14,15856,0
"NO VIEW",23,17,11111,0
"NO VIEW",200,10,11111,0
"NO VIEW",1,12,15402,0
"NO VIEW",3100,14,11111,0
"NO VIEW",15,10,11111,0
"NO VIEW",1,14,15004,0
"NO VIEW",30,15,11111,0
"NO VIEW",30,15,11111,0
"NO VIEW",12,8,11111,0
"NO VIEW",63,11,11111,0
"NO VIEW",6,11,11111,0
"NO VIEW",26,11,11111,0
"NO VIEW",1,12,16859,0
"NO VIEW",1,13,11111,0
"NO VIEW",1,13,11111,0
"NO VIEW",17,14,11111,0
"NO VIEW",6,14,11111,0
"NO VIEW",15,14,11111,0
"NO VIEW",2,14,11111,0
"NO VIEW",17,14,11111,0
"NO VIEW",1,14,11111,0
"NO VIEW",1,14,11111,0
"NO VIEW",1,14,11111,0
"NO VIEW",9,14,11111,0
"NO VIEW",6,15,11111,0
"NO VIEW",160,13,11111,0
"NO VIEW",12,15,11111,0
"NO VIEW",12,15,15867,0
"NO VIEW",1,12,16807,0
"NO VIEW",1,16,11111,0
"NO VIEW",2,10,11111,0
"NO VIEW",108,13,11111,0
"NO VIEW",1,16,11111,0
"NO VIEW",1,16,11111,0
"NO VIEW",24,13,11111,0
"NO VIEW",1,12,17675,0
"NO VIEW",1,15,13695,0
"NO VIEW",170,12,11111,0
"NO VIEW",13,12,11111,0
"NO VIEW",1,12,16818,0
"NO VIEW",11,13,11111,0
"NO VIEW",36,13,11111,0
"NO VIEW",1,15,17160,0
"NO VIEW",100,15,11111,0
"NO VIEW",10,15,11111,0
"NO VIEW",15,10,11111,0
"NO VIEW",20,13,11111,0
"NO VIEW",4,13,11111,0
"NO VIEW",3,13,11111,0
"NO VIEW",36,14,11111,0
"NO VIEW",38,14,11111,0
"NO VIEW",52,14,11111,0
"NO VIEW",1,14,14305,0
"NO VIEW",18,10,11111,0
"NO VIEW",2,15,11111,0
"NO VIEW",1,16,11111,0
"NO VIEW",142,16,11111,0
"NO VIEW",30,16,11111,0
"NO VIEW",107,17,11111,0
"NO VIEW",1,17,11111,0
"NO VIEW",8,15,11111,0
"NO VIEW",1,15,14456,0
"NO VIEW",36,15,14456,0
"NO VIEW",1,11,15581,0
"NO VIEW",1,9,11111,0
"NO VIEW",1,9,11111,0
"NO VIEW",1,10,13695,0
"NO VIEW",100,13,11111,0
"NO VIEW",1,12,13263,0
"NO VIEW",64,15,11111,0
"NO VIEW",425,9,11111,0
"NO VIEW",240,11,14911,0
"NO VIEW",160,12,11111,0
"NO VIEW",220,12,11111,0
"NO VIEW",1,15,17653,0
"NO VIEW",1,10,11111,0
"NO VIEW",1,10,11111,0
"NO VIEW",2,10,11111,0
"NO VIEW",3,10,11111,0
"NO VIEW",37,10,11111,0
"NO VIEW",1,14,11111,0
"NO VIEW",1,14,11111,0
"NO VIEW",1,14,11111,0
"NO VIEW",20,14,11111,0
"NO VIEW",1,14,11111,0
"NO VIEW",50,14,11111,0
"NO VIEW",2,14,11111,0
"NO VIEW",12,14,11111,0
"NO VIEW",1,14,18073,0
"NO VIEW",12,14,17338,0
"NO VIEW",12,14,11111,0
"NO VIEW",1,12,14911,0
"NO VIEW",20,13,11111,0
"NO VIEW",65,13,11111,0
"NO VIEW",1,13,17160,0
"NO VIEW",1,17,13425,0
"NO VIEW",1,9,11111,0
"NO VIEW",20,10,11111,0
"NO VIEW",1,13,14035,0
"NO VIEW",3,14,11111,0
"NO VIEW",1,14,11111,0
"NO VIEW",3,14,11111,0
"NO VIEW",1,14,11111,0
"NO VIEW",3,14,11111,0
"NO VIEW",3,14,11111,0
"NO VIEW",4,14,11111,0
"NO VIEW",1,14,11111,0
"NO VIEW",1,14,11111,0
"NO VIEW",2,14,11111,0
"NO VIEW",1,14,11111,0
"NO VIEW",1,14,11111,0
"NO VIEW",1,14,11111,0
"NO VIEW",1,14,11111,0
"NO VIEW",1,14,11111,0
"NO VIEW",1,14,11111,0
"NO VIEW",1,14,11111,0
"NO VIEW",1,14,11111,0
"NO VIEW",1,14,11111,0
"NO VIEW",3,14,11111,0
"NO VIEW",3,14,11111,0
"NO VIEW",1,14,11111,0
"NO VIEW",100,15,11111,0
"NO VIEW",400,12,11111,0
"NO VIEW",5,13,11111,0
"NO VIEW",44,13,11111,0
"NO VIEW",96,14,14646,0
"NO VIEW",192,14,14646,0
"NO VIEW",144,14,14646,0
"NO VIEW",30,10,11111,0
"NO VIEW",30,10,11111,0
"NO VIEW",1,12,13524,0
"NO VIEW",1,10,15491,0
"NO VIEW",1,12,13993,0
"NO VIEW",26,12,11111,0
"NO VIEW",31,12,11111,0
"NO VIEW",245,12,11111,0
"NO VIEW",21,12,11111,0
"NO VIEW",8,12,11111,0
"NO VIEW",8,12,11111,0
"NO VIEW",6,12,11111,0
"NO VIEW",5,12,11111,0
"NO VIEW",2,12,11111,0
"NO VIEW",1,12,11111,0
"NO VIEW",1,12,11111,0
"NO VIEW",9,12,11111,0
"NO VIEW",2,12,11111,0
"NO VIEW",1,12,11111,0
"NO VIEW",1,12,11111,0
"NO VIEW",8,17,11111,0
"NO VIEW",7,17,11111,0
"NO VIEW",171,17,11111,0
"NO VIEW",1,9,11111,0
"NO VIEW",41,17,17750,0
"NO VIEW",101,11,11111,0
"NO VIEW",225,13,11111,0
"NO VIEW",1,14,11111,0
"NO VIEW",1,15,11111,0
"NO VIEW",144,15,11111,0
"NO VIEW",8,12,11111,0
"NO VIEW",1,12,11111,0
"NO VIEW",1,12,11111,0
"NO VIEW",750,12,11111,0
"NO VIEW",1,10,11111,0
"NO VIEW",1,10,11111,0
"NO VIEW",1,10,15488,0
"NO VIEW",1,15,11111,0
"NO VIEW",1,16,11111,0
"NO VIEW",1,10,14051,0
"NO VIEW",1,12,16353,0
"NO VIEW",682,10,11111,0
"NO VIEW",1,12,11111,0
"NO VIEW",1,12,11111,0
"NO VIEW",36,12,11111,0
"NO VIEW",4,12,11111,0
"NO VIEW",2,9,11111,0
"NO VIEW",1,9,11111,0
"NO VIEW",1,10,11111,0
"NO VIEW",12,12,17365,0
"NO VIEW",22,13,11111,0
"NO VIEW",18,14,11111,0
"NO VIEW",344,17,11111,0
"NO VIEW",143,17,11111,0
"NO VIEW",15,15,11111,0
"NO VIEW",1,10,11111,0
"NO VIEW",1,10,11111,0
"NO VIEW",25,11,11111,0
"NO VIEW",27,11,11111,0
"NO VIEW",24,14,11111,0
"NO VIEW",192,14,11111,0
"NO VIEW",50,14,11111,0
"NO VIEW",600,14,11111,0
"NO VIEW",34,15,11111,0
"NO VIEW",3,15,11111,0
"NO VIEW",110,10,11111,0
"NO VIEW",4,11,11111,0
"NO VIEW",2,11,11111,0
"NO VIEW",1,11,13695,0
"NO VIEW",6,14,11111,0
"NO VIEW",5,14,11111,0
"NO VIEW",7,9,11111,0
"NO VIEW",1,10,12620,0
"NO VIEW",2,11,16369,0
"NO VIEW",3,12,15888,0
"NO VIEW",60,12,14446,0
"NO VIEW",60,13,15026,0
"NO VIEW",4,16,11111,0
"NO VIEW",8,14,11111,0
"NO VIEW",5,14,16669,0
"NO VIEW",29,17,15555,0
"NO VIEW",1,17,18144,0
"NO VIEW",5,17,11111,0
"NO VIEW",1,17,11111,0
"NO VIEW",6,12,15901,0
"NO VIEW",3,12,11111,0
"NO VIEW",1,13,14880,0
"NO VIEW",2,14,11111,0
"NO VIEW",1,14,11111,0
"NO VIEW",20,15,11111,0
"NO VIEW",1,12,16133,0
"NO VIEW",30,15,11111,0
"NO VIEW",1,9,12748,0
"NO VIEW",5,14,11111,0
"NO VIEW",240,14,11111,0
"NO VIEW",320,18,11111,0
"NO VIEW",140,18,11111,0
"NO VIEW",1,14,18265,0
"NO VIEW",183,15,12748,0
"NO VIEW",1,15,14947,0
"NO VIEW",1,10,12826,0
"NO VIEW",89,15,11111,0
"NO VIEW",120,15,11111,0
"NO VIEW",1,18,13364,0
"NO VIEW",3,11,11111,0
"NO VIEW",5,14,11111,0
"NO VIEW",1,13,17652,0
"NO VIEW",3,16,11111,0
"NO VIEW",15,16,11111,0
"NO VIEW",58,11,11111,0
"NO VIEW",192,11,11111,0
"NO VIEW",14,14,11111,0
"NO VIEW",12,14,17957,0
"NO VIEW",96,16,11111,0
"NO VIEW",48,16,11111,0
"NO VIEW",5,11,11111,0
"NO VIEW",22,12,11111,0
"NO VIEW",1,13,17382,0
"NO VIEW",25,14,11111,0
"NO VIEW",2,8,15804,0
"NO VIEW",4,11,11111,0
"NO VIEW",420,15,11111,0
"NO VIEW",9,17,11111,0
"NO VIEW",6,17,11111,0
"NO VIEW",6,17,11111,0
"NO VIEW",9,17,11111,0
"NO VIEW",16,17,11111,0
"NO VIEW",2,17,11111,0
"NO VIEW",2,17,11111,0
"NO VIEW",18,17,11111,0
"NO VIEW",101,17,11111,0
"NO VIEW",1,17,11111,0
"NO VIEW",1,17,11111,0
"NO VIEW",1,17,11111,0
"NO VIEW",20,18,11111,0
"NO VIEW",42,9,11111,0
"NO VIEW",2,11,11111,0
"NO VIEW",6,12,11111,0
"NO VIEW",72,15,11111,0
"NO VIEW",10,10,11111,0
"NO VIEW",2,10,11111,0
"NO VIEW",6,12,18126,0
"NO VIEW",1,13,17652,0
"NO VIEW",15,15,11111,0
"NO VIEW",12,16,11111,0
"NO VIEW",4,10,11111,0
"NO VIEW",5,10,11111,0
"NO VIEW",2,10,11111,0
"NO VIEW",1,11,17119,0
"NO VIEW",24,12,11111,0
"NO VIEW",18,9,13208,0
"NO VIEW",19,10,11111,0
"NO VIEW",10,10,11111,0
"NO VIEW",24,12,11111,0
"NO VIEW",44,15,11111,0
"NO VIEW",96,16,11111,0
"NO VIEW",36,16,11111,0
"NO VIEW",288,12,11111,0
"NO VIEW",1,12,12446,0
"NO VIEW",48,13,11111,0
"NO VIEW",54,10,11111,0
"NO VIEW",4,11,17771,0
"NO VIEW",48,12,11111,0
"NO VIEW",6,16,11111,0
"NO VIEW",1,15,15113,0
"NO VIEW",6,14,11111,0
"NO VIEW",1,14,16389,0
"NO VIEW",100,11,11111,0
"NO VIEW",1,12,17135,0
"NO VIEW",100,13,11111,0
"NO VIEW",46,14,11111,0
"NO VIEW",4,15,11111,0
"NO VIEW",5,17,11111,0
"NO VIEW",7,17,11111,0
"NO VIEW",3,17,11111,0
"NO VIEW",2,17,11111,0
"NO VIEW",1,17,11111,0
"NO VIEW",1,9,11111,0
"NO VIEW",6,13,14704,0
"NO VIEW",1,15,11111,0
"NO VIEW",1,16,17836,0
"NO VIEW",100,10,11111,0
"NO VIEW",21,13,11111,0
"NO VIEW",1,14,11111,0
"NO VIEW",2,16,11111,0
"NO VIEW",13,16,11111,0
"NO VIEW",200,17,11111,0
"NO VIEW",5,11,11111,0
"NO VIEW",72,13,17928,0
"NO VIEW",12,14,11111,0
"NO VIEW",6,14,11111,0
"NO VIEW",1,14,11111,0
"NO VIEW",1,14,11111,0
"NO VIEW",2,14,11111,0
"NO VIEW",12,15,11111,0
"NO VIEW",4,15,11111,0
"NO VIEW",57,15,11111,0
"NO VIEW",2,15,11111,0
"NO VIEW",16,15,11111,0
"NO VIEW",1,15,11111,0
"NO VIEW",400,14,11111,0
"NO VIEW",5,14,18059,0
"NO VIEW",117,16,11111,0
"NO VIEW",10,15,11111,0
"NO VIEW",1,9,11111,0
"NO VIEW",71,9,11111,0
"NO VIEW",3,12,11111,0
"NO VIEW",12,12,11111,0
"NO VIEW",1,12,15290,0
"NO VIEW",10,15,11111,0
"NO VIEW",8,16,14071,0
"NO VIEW",3,11,16601,0
"NO VIEW",25,12,17609,0
"NO VIEW",1,12,13524,0
"NO VIEW",1,11,11111,0
"NO VIEW",184,11,11111,0
"NO VIEW",1,13,16969,0
"NO VIEW",1,15,11111,0
"NO VIEW",48,16,11111,0
"NO VIEW",10,9,11111,0
"NO VIEW",48,13,11111,0
"NO VIEW",108,13,11111,0
"NO VIEW",48,13,11111,0
"NO VIEW",32,13,11111,0
"NO VIEW",20,13,11111,0
"NO VIEW",40,13,11111,0
"NO VIEW",1,14,15423,0
"NO VIEW",14,18,11111,0
"NO VIEW",65,9,11111,0
"NO VIEW",1,10,16884,0
"NO VIEW",27,11,11111,0
"NO VIEW",9,11,11111,0
"NO VIEW",4,11,11111,0
"NO VIEW",26,11,11111,0
"NO VIEW",3,11,11111,0
"NO VIEW",2,11,11111,0
"NO VIEW",2,11,11111,0
"NO VIEW",19,11,11111,0
"NO VIEW",1,11,11111,0
"NO VIEW",1,11,11111,0
"NO VIEW",2,11,11111,0
"NO VIEW",1,11,11111,0
"NO VIEW",36,11,11111,0
"NO VIEW",1,11,17135,0
"NO VIEW",1,12,16014,0
"NO VIEW",3,15,11111,0
"NO VIEW",1,10,11111,0
"NO VIEW",1,11,11111,0
"NO VIEW",216,11,12415,0
"NO VIEW",1,13,12437,0
"NO VIEW",832,14,17857,0
"NO VIEW",1,14,15612,0
"NO VIEW",6,18,17078,0
"NO VIEW",27,11,11111,0
"NO VIEW",63,13,11111,0
"NO VIEW",1,14,15676,0
"NO VIEW",16,14,14502,0
"NO VIEW",11,15,11111,0
"NO VIEW",1,16,13985,0
"NO VIEW",1,16,13985,0
"NO VIEW",30,12,14071,0
"NO VIEW",84,18,11111,0
"NO VIEW",1200,13,17857,0
"NO VIEW",800,10,11111,0
"NO VIEW",150,10,11111,0
"NO VIEW",7,10,11111,0
"NO VIEW",22,10,11111,0
"NO VIEW",20,11,13081,0
"NO VIEW",1,15,12826,0
"NO VIEW",24,18,11111,0
"NO VIEW",1,11,16015,0
"NO VIEW",180,10,11111,0
"NO VIEW",5,10,11111,0
"NO VIEW",1,10,15671,0
"NO VIEW",4,11,11111,0
"NO VIEW",1,12,17652,0
"NO VIEW",11,14,11111,0
"NO VIEW",16,14,11111,0
"NO VIEW",46,14,11111,0
"NO VIEW",16,15,11111,0
"NO VIEW",1,16,14680,0
"NO VIEW",18,11,11111,0
"NO VIEW",14,11,11111,0
"NO VIEW",240,11,11111,0
"NO VIEW",15,11,11111,0
"NO VIEW",144,12,11111,0
"NO VIEW",17,12,11111,0
"NO VIEW",56,12,11111,0
"NO VIEW",22,14,11111,0
"NO VIEW",1,14,11111,0
"NO VIEW",1,17,11111,0
"NO VIEW",1,17,11111,0
"NO VIEW",10,8,11111,0
"NO VIEW",6,10,11111,0
"NO VIEW",1,11,11111,0
"NO VIEW",4,11,11111,0
"NO VIEW",3,12,11111,0
"NO VIEW",15,13,11111,0
"NO VIEW",4,13,11111,0
"NO VIEW",1,12,16161,0
"NO VIEW",4,13,11111,0
"NO VIEW",2,14,18122,0
"NO VIEW",30,14,15563,0
"NO VIEW",200,17,11111,0
"NO VIEW",34,18,11111,0
"NO VIEW",4,19,15602,0
"NO VIEW",96,9,11111,0
"NO VIEW",110,9,11111,0
"NO VIEW",1,10,12603,0
"NO VIEW",1,12,11111,0
"NO VIEW",66,12,11111,0
"NO VIEW",3,12,11111,0
"NO VIEW",2,12,11111,0
"NO VIEW",12,13,11111,0
"NO VIEW",1,13,13516,0
"NO VIEW",2,13,12444,0
"NO VIEW",9,14,11111,0
"NO VIEW",40,14,11111,0
"NO VIEW",5,9,11111,0
"NO VIEW",10,9,11111,0
"NO VIEW",20,9,11111,0
"NO VIEW",1,11,15645,0
"NO VIEW",1,11,16406,0
"NO VIEW",1,12,15671,0
"NO VIEW",1,9,11111,0
"NO VIEW",76,11,13268,0
"NO VIEW",26,12,11111,0
"NO VIEW",56,12,11111,0
"NO VIEW",13,12,11111,0
"NO VIEW",44,12,11111,0
"NO VIEW",5,12,11111,0
"NO VIEW",3,12,11111,0
"NO VIEW",3,12,11111,0
"NO VIEW",374,12,11111,0
"NO VIEW",2,12,11111,0
"NO VIEW",2,12,11111,0
"NO VIEW",2,12,11111,0
"NO VIEW",2,12,11111,0
"NO VIEW",4,12,11111,0
"NO VIEW",1,12,11111,0
"NO VIEW",1,12,11111,0
"NO VIEW",1,13,16633,0
"NO VIEW",2,14,16474,0
"NO VIEW",1600,15,17857,0
"NO VIEW",1,12,14744,0
"NO VIEW",1,15,17034,0
"NO VIEW",1,16,17135,0
"NO VIEW",1,9,11111,0
"NO VIEW",1,9,11111,0
"NO VIEW",1,9,11111,0
"NO VIEW",8,9,11111,0
"NO VIEW",2,10,11111,0
"NO VIEW",1,10,12913,0
"NO VIEW",50,11,11111,0
"NO VIEW",11,12,11111,0
"NO VIEW",20,15,11111,0
"NO VIEW",24,15,11111,0
"NO VIEW",4,16,11111,0
"NO VIEW",24,9,11111,0
"NO VIEW",212,9,11111,0
"NO VIEW",1,9,11111,0
"NO VIEW",1,10,11111,0
"NO VIEW",1,11,15737,0
"NO VIEW",1,12,16161,0
"NO VIEW",1,13,14111,0
"NO VIEW",12540,15,13256,0
"NO VIEW",1,12,11111,0
"NO VIEW",6,13,16024,0
"NO VIEW",14,13,16024,0
"NO VIEW",1,14,13389,0
"NO VIEW",1,14,13950,0
"NO VIEW",1,15,13188,0
"NO VIEW",1,8,14618,0
"NO VIEW",2,10,11111,0
"NO VIEW",1,10,11111,0
"NO VIEW",1,12,14126,0
"NO VIEW",1,12,13657,0
"NO VIEW",33,16,11111,0
"NO VIEW",1,9,15414,0
"NO VIEW",36,11,11111,0
"NO VIEW",1,13,15654,0
"NO VIEW",60,13,11111,0
"NO VIEW",1,13,14618,0
"NO VIEW",8,14,11111,0
"NO VIEW",18,17,11111,0
"NO VIEW",17,17,11111,0
"NO VIEW",5,17,11111,0
"NO VIEW",1,11,15172,0
"NO VIEW",8,13,18122,0
"NO VIEW",1,14,14216,0
"NO VIEW",1,10,11111,0
"NO VIEW",6,12,11111,0
"NO VIEW",1,13,17086,0
"NO VIEW",6,16,11111,0
"NO VIEW",6,16,11111,0
"NO VIEW",1,16,11111,0
"NO VIEW",8,17,11111,0
"NO VIEW",1,10,11111,0
"NO VIEW",1,10,11111,0
"NO VIEW",1,10,17629,0
"NO VIEW",66,9,11111,0
"NO VIEW",10,10,11111,0
"NO VIEW",4,10,11111,0
"NO VIEW",5,10,11111,0
"NO VIEW",1,11,12925,0
"NO VIEW",1,11,11111,0
"NO VIEW",1,12,17006,0
"NO VIEW",1,12,12913,0
"NO VIEW",800,13,17857,0
"NO VIEW",1,9,11111,0
"NO VIEW",1,10,12826,0
"NO VIEW",20,11,11111,0
"NO VIEW",4,11,11111,0
"NO VIEW",1,12,17590,0
"NO VIEW",41,18,11111,0
"NO VIEW",15,18,11111,0
"NO VIEW",6,18,11111,0
"NO VIEW",14,18,11111,0
"NO VIEW",1,9,17856,0
"NO VIEW",27,10,11111,0
"NO VIEW",1,12,16161,0
"NO VIEW",3,13,13521,0
"NO VIEW",240,13,11111,0
"NO VIEW",300,13,11111,0
"NO VIEW",20,14,11111,0
